Epoch,Step,Total_Loss,Recon_Loss,VQ_Loss,Perplexity,LR
1,1,0.610524,0.159278,0.451245,39.532375,0.00000106
1,2,0.636886,0.167550,0.469337,39.336628,0.00000112
1,3,0.647939,0.186762,0.461177,27.579781,0.00000118
1,4,0.678486,0.159482,0.519004,33.823776,0.00000124
1,5,0.639869,0.143838,0.496031,35.649700,0.00000130
1,6,0.619272,0.170066,0.449206,38.191154,0.00000137
1,7,0.603119,0.162040,0.441079,37.235321,0.00000143
1,8,0.642396,0.156505,0.485891,26.338213,0.00000149
1,9,0.634619,0.152223,0.482395,55.081997,0.00000155
1,10,0.585863,0.162040,0.423824,21.626442,0.00000161
1,11,0.642779,0.161710,0.481069,35.915916,0.00000167
1,12,0.593747,0.164728,0.429019,41.667664,0.00000173
1,13,0.585725,0.170791,0.414934,33.087227,0.00000179
1,14,0.609509,0.155722,0.453787,40.616467,0.00000185
1,15,0.628084,0.167724,0.460361,39.638592,0.00000191
1,16,0.635350,0.139458,0.495892,29.152292,0.00000197
1,17,0.578151,0.168419,0.409731,26.529514,0.00000204
1,18,0.634096,0.157245,0.476851,38.712322,0.00000210
1,19,0.588193,0.156455,0.431738,34.669228,0.00000216
1,20,0.583535,0.146360,0.437175,27.556131,0.00000222
1,21,0.592072,0.155576,0.436496,26.172119,0.00000228
1,22,0.577583,0.153045,0.424538,35.096691,0.00000234
1,23,0.548959,0.151323,0.397636,30.032034,0.00000240
1,24,0.545882,0.168869,0.377012,31.435017,0.00000246
1,25,0.581830,0.159621,0.422208,22.322254,0.00000252
1,26,0.577047,0.128230,0.448817,43.652649,0.00000258
1,27,0.578792,0.133644,0.445149,31.399826,0.00000264
1,28,0.603999,0.126359,0.477639,38.900314,0.00000271
1,29,0.547567,0.112055,0.435512,45.358822,0.00000277
1,30,0.605504,0.128677,0.476826,31.689301,0.00000283
1,31,0.561704,0.123149,0.438555,33.378723,0.00000289
1,32,0.584806,0.144311,0.440496,19.657658,0.00000295
1,33,0.610829,0.137849,0.472981,30.218273,0.00000301
1,34,0.626627,0.139524,0.487103,25.799330,0.00000307
1,35,0.608860,0.127879,0.480981,31.802628,0.00000313
1,36,0.576587,0.113771,0.462816,36.073273,0.00000319
1,37,0.577735,0.105026,0.472709,26.186069,0.00000325
1,38,0.573022,0.122359,0.450663,24.559710,0.00000332
1,39,0.596322,0.112815,0.483508,35.286953,0.00000338
1,40,0.582879,0.110048,0.472831,21.084852,0.00000344
1,41,0.597310,0.114451,0.482859,29.031294,0.00000350
1,42,0.574880,0.100432,0.474448,23.701956,0.00000356
1,43,0.587067,0.097644,0.489423,27.585302,0.00000362
1,44,0.649290,0.103314,0.545976,28.798763,0.00000368
1,45,0.556717,0.097567,0.459150,27.166466,0.00000374
1,46,0.618892,0.101349,0.517542,38.825737,0.00000380
1,47,0.632859,0.092808,0.540051,21.190027,0.00000386
1,48,0.660882,0.110733,0.550149,26.332802,0.00000392
1,49,0.628016,0.079635,0.548382,31.316196,0.00000399
1,50,0.598879,0.081124,0.517755,36.458469,0.00000405
1,51,0.630655,0.092547,0.538108,39.355202,0.00000411
1,52,0.644083,0.078166,0.565916,26.107864,0.00000417
1,53,0.615514,0.096663,0.518851,29.068153,0.00000423
1,54,0.631513,0.084615,0.546899,35.863045,0.00000429
1,55,0.633161,0.073849,0.559312,22.431881,0.00000435
1,56,0.609395,0.064492,0.544903,34.132103,0.00000441
1,57,0.634300,0.084952,0.549349,27.458939,0.00000447
1,58,0.673326,0.090577,0.582748,26.865906,0.00000453
1,59,0.634454,0.064909,0.569544,21.305275,0.00000459
1,60,0.616826,0.073555,0.543271,35.965805,0.00000466
1,61,0.691656,0.082468,0.609188,32.670860,0.00000472
1,62,0.630032,0.063800,0.566232,36.534031,0.00000478
1,63,0.617277,0.059100,0.558177,35.579098,0.00000484
1,64,0.593223,0.060848,0.532375,31.063774,0.00000490
1,65,0.639357,0.077287,0.562070,23.756115,0.00000496
1,66,0.611166,0.051596,0.559570,29.388973,0.00000502
1,67,0.584232,0.068229,0.516004,35.204216,0.00000508
1,68,0.580379,0.054118,0.526261,35.759010,0.00000514
1,69,0.567960,0.050664,0.517296,35.320572,0.00000520
1,70,0.592867,0.058446,0.534421,41.434189,0.00000526
1,71,0.604578,0.057184,0.547394,37.026482,0.00000533
1,72,0.628215,0.059195,0.569019,33.168583,0.00000539
1,73,0.535129,0.040265,0.494863,34.705044,0.00000545
1,74,0.534791,0.041876,0.492915,24.986753,0.00000551
1,75,0.575657,0.059863,0.515794,28.436016,0.00000557
1,76,0.515404,0.036519,0.478885,16.612373,0.00000563
1,77,0.478581,0.031901,0.446680,19.303066,0.00000569
1,78,0.537443,0.040273,0.497170,29.083426,0.00000575
1,79,0.504713,0.036593,0.468120,27.666214,0.00000581
1,80,0.585263,0.056036,0.529226,27.652924,0.00000587
1,81,0.499494,0.026914,0.472579,27.026781,0.00000593
1,82,0.566060,0.041603,0.524457,28.770950,0.00000600
1,83,0.570809,0.034081,0.536729,21.351219,0.00000606
1,84,0.599972,0.043928,0.556045,22.237804,0.00000612
1,85,0.596582,0.051199,0.545383,25.264925,0.00000618
1,86,0.569631,0.042628,0.527004,17.814165,0.00000624
1,87,0.616500,0.042682,0.573818,19.284533,0.00000630
1,88,0.647812,0.054188,0.593624,22.590828,0.00000636
1,89,0.600987,0.040468,0.560519,20.792242,0.00000642
1,90,0.585598,0.033573,0.552025,20.827208,0.00000648
1,91,0.595021,0.032036,0.562986,20.714817,0.00000654
1,92,0.605114,0.031515,0.573599,19.310205,0.00000660
1,93,0.637393,0.039732,0.597661,19.011808,0.00000667
1,94,0.609423,0.024501,0.584922,18.763126,0.00000673
1,95,0.687054,0.035512,0.651542,19.658737,0.00000679
1,96,0.651871,0.027370,0.624501,16.666906,0.00000685
1,97,0.703053,0.031299,0.671754,19.150763,0.00000691
1,98,0.737284,0.036410,0.700874,15.337849,0.00000697
1,99,0.797521,0.040188,0.757333,15.811174,0.00000703
1,100,0.772475,0.034694,0.737780,16.873272,0.00000709
1,101,0.779048,0.025567,0.753481,15.436302,0.00000715
1,102,0.809011,0.032600,0.776411,13.025350,0.00000721
1,103,0.912775,0.045796,0.866979,13.098352,0.00000728
1,104,0.896220,0.034816,0.861404,12.349801,0.00000734
1,105,0.823653,0.025054,0.798599,12.599319,0.00000740
1,106,0.982449,0.042692,0.939757,11.239240,0.00000746
1,107,1.013019,0.035351,0.977668,10.534371,0.00000752
1,108,0.950924,0.032425,0.918499,9.843187,0.00000758
1,109,1.047627,0.024702,1.022925,10.830321,0.00000764
1,110,0.997261,0.028549,0.968711,12.016767,0.00000770
1,111,1.155355,0.041591,1.113764,10.595726,0.00000776
1,112,1.048285,0.024663,1.023622,9.214874,0.00000782
1,113,1.186331,0.044961,1.141371,9.544196,0.00000788
1,114,1.161122,0.032907,1.128215,9.498575,0.00000795
1,115,1.148434,0.026269,1.122165,9.469997,0.00000801
1,116,1.238595,0.026923,1.211672,9.407698,0.00000807
1,117,1.306183,0.030142,1.276041,9.552483,0.00000813
1,118,1.341725,0.039053,1.302673,8.935802,0.00000819
1,119,1.338373,0.024564,1.313810,8.347082,0.00000825
1,120,1.432712,0.026706,1.406006,8.014234,0.00000831
1,121,1.529485,0.037929,1.491556,7.947981,0.00000837
1,122,1.482733,0.031622,1.451111,8.256488,0.00000843
1,123,1.585707,0.031867,1.553840,7.651835,0.00000849
1,124,1.635581,0.027156,1.608425,8.132057,0.00000855
1,125,1.753436,0.028881,1.724555,7.921062,0.00000862
1,126,1.835644,0.035531,1.800113,7.384442,0.00000868
1,127,1.626630,0.018872,1.607758,7.367695,0.00000874
1,128,1.958060,0.038515,1.919545,6.763349,0.00000880
1,129,2.029769,0.027870,2.001899,6.375520,0.00000886
1,130,1.854321,0.027227,1.827094,6.205350,0.00000892
1,131,1.806521,0.021126,1.785395,6.272408,0.00000898
1,132,2.103541,0.029245,2.074297,5.839121,0.00000904
1,133,2.060684,0.028756,2.031928,6.495634,0.00000910
1,134,2.525815,0.043920,2.481895,5.663730,0.00000916
1,135,2.394917,0.034116,2.360800,6.202900,0.00000922
1,136,2.702178,0.030084,2.672094,5.714964,0.00000929
1,137,2.765097,0.045841,2.719256,5.579629,0.00000935
1,138,2.831771,0.033433,2.798337,5.267708,0.00000941
1,139,2.894521,0.022707,2.871814,4.548673,0.00000947
1,140,2.935721,0.030129,2.905592,4.828904,0.00000953
1,141,3.275387,0.040378,3.235008,4.546323,0.00000959
1,142,2.944415,0.027885,2.916530,4.600773,0.00000965
1,143,3.354774,0.037337,3.317437,4.417697,0.00000971
1,144,3.329607,0.025843,3.303764,4.063865,0.00000977
1,145,3.180486,0.028693,3.151793,4.207333,0.00000983
1,146,2.985363,0.021831,2.963532,3.990223,0.00000989
1,147,3.679671,0.026318,3.653352,3.903309,0.00000996
1,148,3.601462,0.028653,3.572809,3.351490,0.00001002
1,149,3.528571,0.031858,3.496712,3.452633,0.00001008
1,150,3.924789,0.033525,3.891263,3.355160,0.00001014
1,151,4.037090,0.019248,4.017842,3.585728,0.00001020
1,152,4.815601,0.037845,4.777756,3.166167,0.00001026
1,153,4.600383,0.048496,4.551887,3.339935,0.00001032
1,154,4.759104,0.029191,4.729914,3.206702,0.00001038
1,155,4.500125,0.021327,4.478798,3.246900,0.00001044
1,156,5.212048,0.031653,5.180395,2.884209,0.00001050
1,157,5.220959,0.027760,5.193199,2.932827,0.00001056
1,158,4.857623,0.025033,4.832591,2.928854,0.00001063
1,159,4.686789,0.016096,4.670693,2.781631,0.00001069
1,160,4.992581,0.020204,4.972377,2.934334,0.00001075
1,161,5.879599,0.020527,5.859072,2.808946,0.00001081
1,162,6.451117,0.042621,6.408496,2.786302,0.00001087
1,163,5.662163,0.024765,5.637398,2.736897,0.00001093
2,164,6.223110,0.021043,6.202066,2.590193,0.00001099
2,165,6.784554,0.030887,6.753668,2.607403,0.00001105
2,166,6.986379,0.031668,6.954711,2.567903,0.00001111
2,167,6.401208,0.021994,6.379214,2.589373,0.00001117
2,168,7.239198,0.029720,7.209478,2.579072,0.00001124
2,169,8.179104,0.029453,8.149651,2.569348,0.00001130
2,170,7.317524,0.027968,7.289556,2.550806,0.00001136
2,171,7.583148,0.024291,7.558857,2.527225,0.00001142
2,172,8.229826,0.036639,8.193187,2.543530,0.00001148
2,173,8.223901,0.036312,8.187589,2.540974,0.00001154
2,174,8.534883,0.036450,8.498432,2.512283,0.00001160
2,175,8.691053,0.027881,8.663172,2.516392,0.00001166
2,176,9.643826,0.033023,9.610804,2.534618,0.00001172
2,177,9.823037,0.039771,9.783266,2.473944,0.00001178
2,178,9.251874,0.024673,9.227201,2.528410,0.00001184
2,179,9.062380,0.032105,9.030275,2.402042,0.00001191
2,180,10.783771,0.030913,10.752858,2.437055,0.00001197
2,181,11.285611,0.043326,11.242285,2.468479,0.00001203
2,182,10.970225,0.037702,10.932524,2.421095,0.00001209
2,183,10.910601,0.034414,10.876186,2.419198,0.00001215
2,184,12.014424,0.042545,11.971880,2.453057,0.00001221
2,185,11.997889,0.034093,11.963796,2.443686,0.00001227
2,186,11.430065,0.021381,11.408684,2.373260,0.00001233
2,187,12.942100,0.024743,12.917356,2.404733,0.00001239
2,188,13.166048,0.025581,13.140467,2.417994,0.00001245
2,189,12.820927,0.018678,12.802249,2.404208,0.00001251
2,190,13.935906,0.034227,13.901680,2.436724,0.00001258
2,191,14.320490,0.039079,14.281411,2.485903,0.00001264
2,192,13.570678,0.019237,13.551440,2.373347,0.00001270
2,193,14.098759,0.022543,14.076216,2.392212,0.00001276
2,194,15.017144,0.042943,14.974201,2.416368,0.00001282
2,195,15.143505,0.026294,15.117211,2.376072,0.00001288
2,196,15.151479,0.021947,15.129532,2.349428,0.00001294
2,197,15.869539,0.046988,15.822552,2.403673,0.00001300
2,198,16.583855,0.027828,16.556026,2.382805,0.00001306
2,199,16.496605,0.031421,16.465183,2.379164,0.00001312
2,200,19.328424,0.026702,19.301723,2.377655,0.00001318
2,201,17.143492,0.028513,17.114979,2.376931,0.00001325
2,202,18.312256,0.025923,18.286333,2.374467,0.00001331
2,203,17.270142,0.016592,17.253550,2.321350,0.00001337
2,204,17.810637,0.028413,17.782223,2.332225,0.00001343
2,205,18.837990,0.037650,18.800339,2.352006,0.00001349
2,206,19.408556,0.033491,19.375065,2.384058,0.00001355
2,207,19.051865,0.029739,19.022125,2.332498,0.00001361
2,208,19.756247,0.026675,19.729572,2.374829,0.00001367
2,209,18.797600,0.034449,18.763151,2.337960,0.00001373
2,210,18.932718,0.022860,18.909859,2.309078,0.00001379
2,211,20.943830,0.030935,20.912895,2.365834,0.00001385
2,212,20.327488,0.028057,20.299431,2.373113,0.00001392
2,213,21.972095,0.032300,21.939795,2.373300,0.00001398
2,214,21.516394,0.024335,21.492060,2.304764,0.00001404
2,215,22.376173,0.035016,22.341156,2.345513,0.00001410
2,216,21.991627,0.017972,21.973656,2.286084,0.00001416
2,217,24.044895,0.026666,24.018229,2.343012,0.00001422
2,218,21.851542,0.024332,21.827209,2.281528,0.00001428
2,219,22.187275,0.034550,22.152725,2.282012,0.00001434
2,220,22.870203,0.023202,22.847002,2.264946,0.00001440
2,221,23.382591,0.044150,23.338442,2.267131,0.00001446
2,222,24.620874,0.042217,24.578657,2.255863,0.00001452
2,223,22.786261,0.028300,22.757961,2.258290,0.00001459
2,224,22.514973,0.028748,22.486225,2.250719,0.00001465
2,225,22.817633,0.021859,22.795773,2.241183,0.00001471
2,226,23.403708,0.031997,23.371712,2.226548,0.00001477
2,227,26.121349,0.029975,26.091373,2.249871,0.00001483
2,228,25.419136,0.029999,25.389137,2.270236,0.00001489
2,229,24.847301,0.037301,24.809999,2.244316,0.00001495
2,230,22.606718,0.023281,22.583437,2.202370,0.00001501
2,231,25.654919,0.031193,25.623726,2.224399,0.00001507
2,232,24.581556,0.035026,24.546532,2.229725,0.00001513
2,233,25.361641,0.026160,25.335482,2.237032,0.00001520
2,234,26.493540,0.027540,26.466000,2.225327,0.00001526
2,235,24.901844,0.025868,24.875977,2.206876,0.00001532
2,236,25.822491,0.032482,25.790009,2.206918,0.00001538
2,237,24.027248,0.025698,24.001551,2.200499,0.00001544
2,238,24.238550,0.021712,24.216839,2.206068,0.00001550
2,239,24.453737,0.031985,24.421753,2.227245,0.00001556
2,240,24.593040,0.033879,24.559162,2.252506,0.00001562
2,241,22.911003,0.023406,22.887596,2.213163,0.00001568
2,242,21.900553,0.025731,21.874821,2.193538,0.00001574
2,243,22.545095,0.034576,22.510519,2.207549,0.00001580
2,244,24.073717,0.031840,24.041878,2.252744,0.00001587
2,245,24.019051,0.021171,23.997879,2.211466,0.00001593
2,246,21.776340,0.029808,21.746532,2.199738,0.00001599
2,247,22.395437,0.027283,22.368155,2.229111,0.00001605
2,248,23.653982,0.029268,23.624714,2.242627,0.00001611
2,249,22.284849,0.033285,22.251564,2.230233,0.00001617
2,250,23.413717,0.021670,23.392048,2.231264,0.00001623
2,251,22.258446,0.042593,22.215853,2.261603,0.00001629
2,252,23.819870,0.030180,23.789690,2.269037,0.00001635
2,253,23.828123,0.031621,23.796501,2.287722,0.00001641
2,254,25.242582,0.036782,25.205801,2.285709,0.00001647
2,255,21.237980,0.015881,21.222099,2.259701,0.00001654
2,256,20.905088,0.027535,20.877554,2.241028,0.00001660
2,257,26.509241,0.036672,26.472569,2.324187,0.00001666
2,258,24.541967,0.030755,24.511213,2.316627,0.00001672
2,259,22.463333,0.049773,22.413561,2.316977,0.00001678
2,260,24.634760,0.030373,24.604387,2.339177,0.00001684
2,261,23.191862,0.024180,23.167683,2.341627,0.00001690
2,262,25.079132,0.038535,25.040598,2.326224,0.00001696
2,263,22.789850,0.037786,22.752064,2.292106,0.00001702
2,264,24.018192,0.028529,23.989662,2.338174,0.00001708
2,265,28.944525,0.034403,28.910122,2.390035,0.00001714
2,266,24.725266,0.039955,24.685310,2.362418,0.00001721
2,267,27.091730,0.029600,27.062130,2.390930,0.00001727
2,268,26.621391,0.031466,26.589926,2.312592,0.00001733
2,269,21.180323,0.026291,21.154032,2.234316,0.00001739
2,270,22.850334,0.025704,22.824631,2.369188,0.00001745
2,271,25.277008,0.026269,25.250738,2.349291,0.00001751
2,272,27.873075,0.043814,27.829262,2.278777,0.00001757
2,273,26.539608,0.034390,26.505219,2.362467,0.00001763
2,274,23.762827,0.029585,23.733242,2.415543,0.00001769
2,275,29.383818,0.031893,29.351925,2.370802,0.00001775
2,276,27.828939,0.030398,27.798540,2.390696,0.00001781
2,277,28.249050,0.035720,28.213329,2.312202,0.00001788
2,278,26.272768,0.036012,26.236755,2.335590,0.00001794
2,279,29.032852,0.023405,29.009447,2.313570,0.00001800
2,280,28.379412,0.034051,28.345360,2.286419,0.00001806
2,281,27.179234,0.042605,27.136629,2.289184,0.00001812
2,282,26.689528,0.025401,26.664127,2.354681,0.00001818
2,283,26.627773,0.027860,26.599913,2.339739,0.00001824
2,284,25.400789,0.023650,25.377140,2.327525,0.00001830
2,285,20.969540,0.024904,20.944635,2.430053,0.00001836
2,286,25.418077,0.029001,25.389076,2.392156,0.00001842
2,287,23.995403,0.023125,23.972279,2.327971,0.00001848
2,288,18.485802,0.021239,18.464563,2.334943,0.00001855
2,289,21.052814,0.026450,21.026365,2.571560,0.00001861
2,290,24.617556,0.029400,24.588156,2.294381,0.00001867
2,291,22.017214,0.033533,21.983681,2.450052,0.00001873
2,292,19.974848,0.020742,19.954105,2.323461,0.00001879
2,293,21.376167,0.036920,21.339247,2.641674,0.00001885
2,294,25.578098,0.027844,25.550255,2.229442,0.00001891
2,295,20.831869,0.020941,20.810928,2.353323,0.00001897
2,296,27.057896,0.028456,27.029440,2.245494,0.00001903
2,297,24.044283,0.025100,24.019184,2.701203,0.00001909
2,298,27.097931,0.036835,27.061096,2.309468,0.00001916
2,299,24.309334,0.031006,24.278328,2.377446,0.00001922
2,300,25.427368,0.030178,25.397190,2.296782,0.00001928
2,301,20.901516,0.036061,20.865456,2.209671,0.00001934
2,302,26.351418,0.021007,26.330410,2.227923,0.00001940
2,303,28.685438,0.044307,28.641132,2.260008,0.00001946
2,304,25.738882,0.026829,25.712053,2.343409,0.00001952
2,305,27.792933,0.026946,27.765987,2.310191,0.00001958
2,306,23.231598,0.022274,23.209324,2.403147,0.00001964
2,307,18.186565,0.014273,18.172293,2.833653,0.00001970
2,308,20.993271,0.019059,20.974213,2.481328,0.00001976
2,309,23.667482,0.031361,23.636122,2.529227,0.00001983
2,310,25.035868,0.025317,25.010551,2.784150,0.00001989
2,311,29.749168,0.035336,29.713833,2.396641,0.00001995
2,312,26.895159,0.025820,26.869339,2.635271,0.00002001
2,313,31.484438,0.032016,31.452423,2.275232,0.00002007
2,314,32.752956,0.038803,32.714153,2.343382,0.00002013
2,315,26.985449,0.031718,26.953732,2.718915,0.00002019
2,316,24.860239,0.020600,24.839640,2.716548,0.00002025
2,317,29.153612,0.027384,29.126228,2.386887,0.00002031
2,318,27.104298,0.020795,27.083504,2.769749,0.00002037
2,319,32.057354,0.042808,32.014545,2.634702,0.00002043
2,320,32.613441,0.030696,32.582745,2.373335,0.00002050
2,321,31.991919,0.033354,31.958565,2.660772,0.00002056
2,322,31.248211,0.025637,31.222574,2.495274,0.00002062
2,323,27.696877,0.024026,27.672852,2.769061,0.00002068
2,324,31.925463,0.030475,31.894989,2.441758,0.00002074
2,325,33.401863,0.034472,33.367390,2.446527,0.00002080
2,326,30.513655,0.027545,30.486109,2.868917,0.00002086
3,327,31.469118,0.020086,31.449032,2.484066,0.00002092
3,328,20.500574,0.016479,20.484095,2.921651,0.00002098
3,329,29.013958,0.026874,28.987083,2.782714,0.00002104
3,330,33.868382,0.031217,33.837166,2.348973,0.00002110
3,331,35.675095,0.028521,35.646572,2.329953,0.00002117
3,332,25.033348,0.019534,25.013813,3.077982,0.00002123
3,333,36.741238,0.042530,36.698708,2.377306,0.00002129
3,334,34.047535,0.034252,34.013283,2.877822,0.00002135
3,335,34.434242,0.026321,34.407921,2.434327,0.00002141
3,336,30.548584,0.024545,30.524040,2.879031,0.00002147
3,337,23.733660,0.024866,23.708794,3.206557,0.00002153
3,338,29.125860,0.028838,29.097021,2.918763,0.00002159
3,339,33.290043,0.031612,33.258430,2.801593,0.00002165
3,340,26.416880,0.023737,26.393143,3.156968,0.00002171
3,341,34.827457,0.027937,34.799522,2.884553,0.00002177
3,342,33.000282,0.032914,32.967369,3.073355,0.00002184
3,343,28.349228,0.017818,28.331409,2.837204,0.00002190
3,344,37.340160,0.024122,37.316040,2.434716,0.00002196
3,345,35.407005,0.020415,35.386589,2.762075,0.00002202
3,346,37.289478,0.030164,37.259315,2.474576,0.00002208
3,347,38.713673,0.027678,38.685993,2.404035,0.00002214
3,348,23.505749,0.019284,23.486465,3.188910,0.00002220
3,349,29.751190,0.027962,29.723228,3.063015,0.00002226
3,350,30.790895,0.019859,30.771036,3.025444,0.00002232
3,351,37.568611,0.039001,37.529610,2.435601,0.00002238
3,352,28.657633,0.018439,28.639193,3.186747,0.00002244
3,353,35.953159,0.031607,35.921551,2.675113,0.00002251
3,354,28.721344,0.018482,28.702862,3.064033,0.00002257
3,355,32.073219,0.018939,32.054279,2.641243,0.00002263
3,356,36.945335,0.023180,36.922153,2.743981,0.00002269
3,357,24.927881,0.029972,24.897909,3.079521,0.00002275
3,358,30.127069,0.024513,30.102556,3.094695,0.00002281
3,359,25.265308,0.017858,25.247450,2.954882,0.00002287
3,360,33.339401,0.019542,33.319859,2.455869,0.00002293
3,361,29.694708,0.022234,29.672474,3.105820,0.00002299
3,362,32.738533,0.020716,32.717815,2.490459,0.00002305
3,363,33.053204,0.020648,33.032555,2.692132,0.00002312
3,364,28.972267,0.018603,28.953665,3.256786,0.00002318
3,365,28.366001,0.023783,28.342218,3.264819,0.00002324
3,366,25.879391,0.015533,25.863857,3.241914,0.00002330
3,367,33.709644,0.033215,33.676430,2.640609,0.00002336
3,368,27.489050,0.024250,27.464800,3.329062,0.00002342
3,369,32.888065,0.027383,32.860683,2.798369,0.00002348
3,370,28.370815,0.018140,28.352676,2.830414,0.00002354
3,371,40.050610,0.039734,40.010876,2.367991,0.00002360
3,372,31.429781,0.032042,31.397739,3.042167,0.00002366
3,373,35.765152,0.029936,35.735214,2.550103,0.00002372
3,374,36.647312,0.029457,36.617855,2.442163,0.00002379
3,375,33.179417,0.028193,33.151222,2.712509,0.00002385
3,376,25.382002,0.021236,25.360765,2.901471,0.00002391
3,377,29.189821,0.018683,29.171139,2.507306,0.00002397
3,378,27.966593,0.032819,27.933773,2.780539,0.00002403
3,379,29.409628,0.020950,29.388678,2.983696,0.00002409
3,380,33.523335,0.029332,33.494003,2.731659,0.00002415
3,381,33.433811,0.021341,33.412472,2.539408,0.00002421
3,382,36.544838,0.026591,36.518246,2.463690,0.00002427
3,383,39.099846,0.043414,39.056431,2.437718,0.00002433
3,384,39.873112,0.043073,39.830040,2.407259,0.00002439
3,385,33.578163,0.022518,33.555645,2.599300,0.00002446
3,386,32.714718,0.030328,32.684391,3.254800,0.00002452
3,387,31.609043,0.026152,31.582891,3.139974,0.00002458
3,388,27.663677,0.017290,27.646387,3.233171,0.00002464
3,389,32.805664,0.027252,32.778412,3.109437,0.00002470
3,390,29.554064,0.027792,29.526272,3.006782,0.00002476
3,391,33.477596,0.029024,33.448570,2.843915,0.00002482
3,392,32.727047,0.024097,32.702950,3.046365,0.00002488
3,393,41.857571,0.037761,41.819809,2.364478,0.00002494
3,394,32.283855,0.019511,32.264343,2.653332,0.00002500
3,395,43.217518,0.029532,43.187984,2.394482,0.00002506
3,396,45.500275,0.034081,45.466194,2.387838,0.00002513
3,397,34.444565,0.022751,34.421814,2.567441,0.00002519
3,398,26.002476,0.018227,25.984249,2.742247,0.00002525
3,399,31.925308,0.030991,31.894318,2.541641,0.00002531
3,400,27.941969,0.024419,27.917549,2.728356,0.00002537
3,401,33.831200,0.031347,33.799854,2.467844,0.00002543
3,402,26.913557,0.022317,26.891241,2.535467,0.00002549
3,403,24.026030,0.016710,24.009319,2.523146,0.00002555
3,404,41.187588,0.033793,41.153793,2.406386,0.00002561
3,405,31.729242,0.022710,31.706533,2.533929,0.00002567
3,406,21.638681,0.014227,21.624454,2.700609,0.00002573
3,407,33.192329,0.027465,33.164864,2.856957,0.00002580
3,408,30.849268,0.023033,30.826235,2.816228,0.00002586
3,409,35.212967,0.027242,35.185726,2.690953,0.00002592
3,410,21.916361,0.013255,21.903105,3.344166,0.00002598
3,411,27.647747,0.017589,27.630157,3.041215,0.00002604
3,412,30.119532,0.022814,30.096718,3.257280,0.00002610
3,413,30.509094,0.021020,30.488075,3.183847,0.00002616
3,414,19.134987,0.017729,19.117258,3.282312,0.00002622
3,415,29.496159,0.029124,29.467033,3.197637,0.00002628
3,416,37.599110,0.031201,37.567909,2.795297,0.00002634
3,417,42.859337,0.028088,42.831249,2.734076,0.00002640
3,418,35.690121,0.025730,35.664391,3.082766,0.00002647
3,419,35.931530,0.028169,35.903362,3.169069,0.00002653
3,420,36.732540,0.023226,36.709312,2.909529,0.00002659
3,421,36.194210,0.026970,36.167240,2.753210,0.00002665
3,422,32.526371,0.020651,32.505718,3.000080,0.00002671
3,423,47.206074,0.046418,47.159657,2.553588,0.00002677
3,424,25.276407,0.014563,25.261845,3.181660,0.00002683
3,425,36.937305,0.026801,36.910503,2.847140,0.00002689
3,426,36.074234,0.029600,36.044632,2.673800,0.00002695
3,427,19.699818,0.016331,19.683487,3.455117,0.00002701
3,428,29.832235,0.027285,29.804951,2.787206,0.00002708
3,429,19.151217,0.014371,19.136847,2.758979,0.00002714
3,430,25.138235,0.020327,25.117908,2.848804,0.00002720
3,431,24.493246,0.021217,24.472029,2.702061,0.00002726
3,432,25.385220,0.022699,25.362520,2.740196,0.00002732
3,433,17.832838,0.016074,17.816765,2.279986,0.00002738
3,434,19.229145,0.015650,19.213495,2.755292,0.00002744
3,435,29.059366,0.028453,29.030912,3.249134,0.00002750
3,436,23.026342,0.018254,23.008089,3.075745,0.00002756
3,437,33.243687,0.030026,33.213661,2.910451,0.00002762
3,438,33.304310,0.027597,33.276714,3.143864,0.00002768
3,439,32.384521,0.024464,32.360058,3.415378,0.00002775
3,440,35.022949,0.033209,34.989742,2.865695,0.00002781
3,441,18.189135,0.020222,18.168913,3.374049,0.00002787
3,442,23.378134,0.021298,23.356836,3.103962,0.00002793
3,443,26.580360,0.024622,26.555738,3.052496,0.00002799
3,444,25.135223,0.021440,25.113783,3.418389,0.00002805
3,445,30.029112,0.017518,30.011593,3.317053,0.00002811
3,446,16.802052,0.018779,16.783274,3.274471,0.00002817
3,447,25.623951,0.022612,25.601339,3.590106,0.00002823
3,448,29.912485,0.028308,29.884176,3.515110,0.00002829
3,449,33.033939,0.027339,33.006599,2.911542,0.00002835
3,450,20.722315,0.021374,20.700941,3.314073,0.00002842
3,451,22.745823,0.018010,22.727814,3.741525,0.00002848
3,452,19.465067,0.013995,19.451073,3.246171,0.00002854
3,453,29.948242,0.021821,29.926422,3.033259,0.00002860
3,454,20.508667,0.016103,20.492563,3.069042,0.00002866
3,455,26.358315,0.018882,26.339434,2.926399,0.00002872
3,456,30.716434,0.028819,30.687616,3.061977,0.00002878
3,457,22.993010,0.022509,22.970501,3.138322,0.00002884
3,458,20.485888,0.024573,20.461315,2.732435,0.00002890
3,459,26.265186,0.022327,26.242859,2.753832,0.00002896
3,460,24.017012,0.019823,23.997189,2.750977,0.00002902
3,461,33.687054,0.030363,33.656689,2.775429,0.00002909
3,462,31.613848,0.026709,31.587139,2.970964,0.00002915
3,463,26.026049,0.023599,26.002449,2.777341,0.00002921
3,464,24.271629,0.019635,24.251993,2.288998,0.00002927
3,465,24.549858,0.024311,24.525547,2.654918,0.00002933
3,466,20.170794,0.020549,20.150246,2.783185,0.00002939
3,467,16.152197,0.021201,16.130997,2.398170,0.00002945
3,468,14.368439,0.014819,14.353620,1.893805,0.00002951
3,469,37.131210,0.032044,37.099167,2.738894,0.00002957
3,470,27.084909,0.019178,27.065731,2.521964,0.00002963
3,471,31.518805,0.023844,31.494961,2.836152,0.00002969
3,472,27.699123,0.014845,27.684278,2.851010,0.00002976
3,473,31.536015,0.018290,31.517725,2.587693,0.00002982
3,474,26.734186,0.016233,26.717953,2.805828,0.00002988
3,475,27.148516,0.020566,27.127949,3.271545,0.00002994
3,476,19.379715,0.016730,19.362986,3.201484,0.00003000
3,477,13.951027,0.014808,13.936219,3.617509,0.00003006
3,478,19.289196,0.019389,19.269808,3.165680,0.00003012
3,479,28.234282,0.034518,28.199764,2.320001,0.00003018
3,480,25.937140,0.029981,25.907158,3.232616,0.00003024
3,481,17.612644,0.019523,17.593121,3.437473,0.00003030
3,482,27.466646,0.029718,27.436928,3.095990,0.00003036
3,483,31.953114,0.022333,31.930780,3.055082,0.00003043
3,484,14.360227,0.012861,14.347366,3.261156,0.00003049
3,485,20.123436,0.018890,20.104546,3.137994,0.00003055
3,486,17.128073,0.020018,17.108055,3.149456,0.00003061
3,487,22.581415,0.024195,22.557220,2.836126,0.00003067
3,488,34.265038,0.030288,34.234749,3.388644,0.00003073
3,489,25.071609,0.013090,25.058519,3.383047,0.00003079
4,490,35.018471,0.026909,34.991562,3.340900,0.00003085
4,491,31.049988,0.029986,31.020002,3.259847,0.00003091
4,492,26.677662,0.023753,26.653910,3.327077,0.00003097
4,493,29.764910,0.021242,29.743668,3.547757,0.00003104
4,494,24.909721,0.021501,24.888220,3.477099,0.00003110
4,495,22.847765,0.017138,22.830627,3.331164,0.00003116
4,496,27.292967,0.020738,27.272228,3.484612,0.00003122
4,497,27.686882,0.021023,27.665859,3.474507,0.00003128
4,498,36.540993,0.018361,36.522633,3.214158,0.00003134
4,499,21.843813,0.013320,21.830494,3.218615,0.00003140
4,500,40.917095,0.023439,40.893654,2.677086,0.00003146
4,501,33.488819,0.016362,33.472458,3.343495,0.00003152
4,502,36.886631,0.024023,36.862610,3.418023,0.00003158
4,503,37.409164,0.024499,37.384666,3.080412,0.00003164
4,504,31.644083,0.018774,31.625309,3.508418,0.00003171
4,505,42.729404,0.028782,42.700623,2.985431,0.00003177
4,506,37.662785,0.022940,37.639843,3.483546,0.00003183
4,507,35.569275,0.032467,35.536808,3.148019,0.00003189
4,508,36.073719,0.020321,36.053398,3.586971,0.00003195
4,509,36.271652,0.022282,36.249371,3.170284,0.00003201
4,510,22.574545,0.018068,22.556477,3.382259,0.00003207
4,511,5.098168,0.008683,5.089485,2.019623,0.00003213
4,512,39.168449,0.032273,39.136177,3.093100,0.00003219
4,513,31.078728,0.021672,31.057056,2.978274,0.00003225
4,514,29.599220,0.017005,29.582216,2.763381,0.00003231
4,515,39.176544,0.020401,39.156143,3.020173,0.00003238
4,516,49.891502,0.025098,49.866405,3.025470,0.00003244
4,517,33.880016,0.020042,33.859974,3.411370,0.00003250
4,518,37.101078,0.014690,37.086388,3.303061,0.00003256
4,519,48.455513,0.024414,48.431099,3.227072,0.00003262
4,520,43.353775,0.019919,43.333855,2.969827,0.00003268
4,521,43.738476,0.027067,43.711411,3.507412,0.00003274
4,522,38.957699,0.023232,38.934467,3.083540,0.00003280
4,523,46.482349,0.022510,46.459839,3.286581,0.00003286
4,524,49.877762,0.024733,49.853027,2.905033,0.00003292
4,525,46.980694,0.022143,46.958549,3.233037,0.00003298
4,526,48.436035,0.032010,48.404026,3.500189,0.00003305
4,527,40.869080,0.030121,40.838959,3.289423,0.00003311
4,528,47.217064,0.031005,47.186058,3.207288,0.00003317
4,529,33.252060,0.019961,33.232098,3.666440,0.00003323
4,530,32.077694,0.018690,32.059006,3.435214,0.00003329
4,531,43.182072,0.017993,43.164078,3.532995,0.00003335
4,532,50.546989,0.017610,50.529381,3.377028,0.00003341
4,533,51.925182,0.017232,51.907951,3.476821,0.00003347
4,534,60.490238,0.027192,60.463047,3.410740,0.00003353
4,535,63.913799,0.017528,63.896271,3.028844,0.00003359
4,536,44.770550,0.015472,44.755077,3.627682,0.00003365
4,537,57.921162,0.033454,57.887707,3.292374,0.00003372
4,538,47.154022,0.016723,47.137299,3.719989,0.00003378
4,539,40.644737,0.019389,40.625347,3.800973,0.00003384
4,540,40.174644,0.022127,40.152519,3.919219,0.00003390
4,541,16.763927,0.014370,16.749557,2.602729,0.00003396
4,542,18.048107,0.018181,18.029926,3.299360,0.00003402
4,543,51.427761,0.026109,51.401653,2.816268,0.00003408
4,544,27.240988,0.017792,27.223196,3.196068,0.00003414
4,545,19.250942,0.014480,19.236462,2.890485,0.00003420
4,546,37.322578,0.024222,37.298355,3.156831,0.00003426
4,547,42.778503,0.021515,42.756989,3.264805,0.00003432
4,548,23.123127,0.014571,23.108557,3.208139,0.00003439
4,549,47.822231,0.029140,47.793091,3.094109,0.00003445
4,550,55.979656,0.021179,55.958477,3.184773,0.00003451
4,551,67.902870,0.028118,67.874756,2.993747,0.00003457
4,552,44.187462,0.023549,44.163914,3.403350,0.00003463
4,553,45.111153,0.019217,45.091934,3.612170,0.00003469
4,554,51.948448,0.016842,51.931606,3.394588,0.00003475
4,555,47.464516,0.019066,47.445450,3.314172,0.00003481
4,556,63.882053,0.027529,63.854523,3.072443,0.00003487
4,557,51.571968,0.021199,51.550770,3.429274,0.00003493
4,558,16.558592,0.010843,16.547749,2.457509,0.00003500
4,559,26.873753,0.015822,26.857931,3.048048,0.00003506
4,560,29.243139,0.012802,29.230337,3.046717,0.00003512
4,561,53.031864,0.029134,53.002731,3.439086,0.00003518
4,562,43.656116,0.018155,43.637962,3.417870,0.00003524
4,563,54.444271,0.022485,54.421787,3.319896,0.00003530
4,564,47.556553,0.019673,47.536880,3.461483,0.00003536
4,565,38.490044,0.017483,38.472561,3.227849,0.00003542
4,566,32.690372,0.016330,32.674042,3.804755,0.00003548
4,567,57.713596,0.019581,57.694016,3.738156,0.00003554
4,568,48.729317,0.019694,48.709621,3.483829,0.00003560
4,569,66.786377,0.022982,66.763397,3.507092,0.00003567
4,570,59.948921,0.017618,59.931305,3.819494,0.00003573
4,571,63.872135,0.026598,63.845539,2.894685,0.00003579
4,572,66.989357,0.032409,66.956947,3.296123,0.00003585
4,573,45.679657,0.020251,45.659405,3.293233,0.00003591
4,574,57.241295,0.017839,57.223457,3.395092,0.00003597
4,575,84.816483,0.030711,84.785774,2.910163,0.00003603
4,576,34.713547,0.032717,34.680828,3.303235,0.00003609
4,577,69.312706,0.029171,69.283539,3.224226,0.00003615
4,578,58.162125,0.021295,58.140831,3.073656,0.00003621
4,579,66.625603,0.025554,66.600052,3.414240,0.00003627
4,580,71.111710,0.026158,71.085548,3.209489,0.00003634
4,581,62.345615,0.025202,62.320412,3.485432,0.00003640
4,582,58.496319,0.029269,58.467049,3.722673,0.00003646
4,583,51.689629,0.017347,51.672283,3.362278,0.00003652
4,584,60.352921,0.017680,60.335239,3.822065,0.00003658
4,585,68.324097,0.018500,68.305595,3.731336,0.00003664
4,586,83.485512,0.027613,83.457901,3.298318,0.00003670
4,587,75.660324,0.020598,75.639725,3.044941,0.00003676
4,588,68.327156,0.017410,68.309746,3.283322,0.00003682
4,589,75.790665,0.019634,75.771027,3.630667,0.00003688
4,590,42.488693,0.015798,42.472897,3.838464,0.00003694
4,591,95.851288,0.028319,95.822968,3.281663,0.00003701
4,592,99.184494,0.033508,99.150986,2.595194,0.00003707
4,593,94.527359,0.025708,94.501648,2.569390,0.00003713
4,594,72.387596,0.022373,72.365227,2.730101,0.00003719
4,595,54.521465,0.019985,54.501480,3.044297,0.00003725
4,596,65.309868,0.020625,65.289246,3.322731,0.00003731
4,597,44.191555,0.014165,44.177391,2.514398,0.00003737
4,598,103.524010,0.032073,103.491936,3.072604,0.00003743
4,599,80.152168,0.025256,80.126915,3.307385,0.00003749
4,600,72.075630,0.013205,72.062424,3.095501,0.00003755
4,601,114.856712,0.029366,114.827347,2.279425,0.00003761
4,602,60.096146,0.017525,60.078621,3.585207,0.00003768
4,603,94.852562,0.023335,94.829224,2.898702,0.00003774
4,604,91.108307,0.023121,91.085190,2.728559,0.00003780
4,605,94.758240,0.020805,94.737434,3.776688,0.00003786
4,606,67.262741,0.016983,67.245758,3.949630,0.00003792
4,607,69.402824,0.023937,69.378883,4.154797,0.00003798
4,608,75.596413,0.021375,75.575035,4.605475,0.00003804
4,609,68.283012,0.018225,68.264786,4.043938,0.00003810
4,610,91.464188,0.023145,91.441040,3.342508,0.00003816
4,611,98.058716,0.025234,98.033478,4.087541,0.00003822
4,612,115.080948,0.022852,115.058098,3.347613,0.00003828
4,613,91.209816,0.016368,91.193451,3.573739,0.00003835
4,614,48.256813,0.017621,48.239193,2.936995,0.00003841
4,615,99.406151,0.021776,99.384377,3.140266,0.00003847
4,616,57.709229,0.020967,57.688263,3.434413,0.00003853
4,617,95.525543,0.021788,95.503754,3.010122,0.00003859
4,618,99.108482,0.019772,99.088707,3.042235,0.00003865
4,619,98.811676,0.018862,98.792816,2.845488,0.00003871
4,620,122.742058,0.024528,122.717529,2.302757,0.00003877
4,621,115.232910,0.030898,115.202011,2.631714,0.00003883
4,622,100.122002,0.016276,100.105728,2.613461,0.00003889
4,623,114.424042,0.022815,114.401230,2.368153,0.00003896
4,624,118.809624,0.025337,118.784286,2.442439,0.00003902
4,625,120.910156,0.029032,120.881126,2.558745,0.00003908
4,626,107.039200,0.025154,107.014046,2.784081,0.00003914
4,627,59.530460,0.017544,59.512917,3.113409,0.00003920
4,628,83.006989,0.019330,82.987656,2.807552,0.00003926
4,629,94.040199,0.029920,94.010277,3.539820,0.00003932
4,630,120.596901,0.026241,120.570663,2.866098,0.00003938
4,631,92.153389,0.020677,92.132713,3.259908,0.00003944
4,632,143.936935,0.026466,143.910477,2.706536,0.00003950
