Epoch,Step,Loss,LR,DiffUnknown,DiffKnown,X0Unknown,X0Boundary,LowFreq
1,1,2.741237,0.00005000,0.724331,0.732414,1.574246,1.629849,0.237246
1,2,3.987021,0.00005000,0.867549,0.902670,2.283351,2.495891,0.811848
1,3,3.471662,0.00005000,0.844425,0.902956,1.795384,2.109772,0.754937
1,4,2.674202,0.00005000,0.688026,0.746668,1.447206,1.592318,0.447231
1,5,2.724055,0.00005000,0.662249,0.697547,1.596992,1.651807,0.371488
1,6,2.929218,0.00005000,0.680783,0.701390,1.773704,1.800493,0.387540
1,7,3.549350,0.00005000,0.729957,0.786535,2.208897,2.257687,0.537333
1,8,3.541385,0.00005000,0.668219,0.734791,2.274662,2.310678,0.472102
1,9,3.351740,0.00005000,0.684401,0.744164,2.131323,2.157335,0.310206
1,10,2.411627,0.00005000,0.600745,0.647608,1.435670,1.454604,0.245086
1,11,2.756282,0.00005000,0.612520,0.665840,1.704833,1.723344,0.307733
1,12,2.526017,0.00005000,0.662165,0.719589,1.480923,1.494398,0.248599
1,13,2.820173,0.00005000,0.663052,0.711827,1.725429,1.739985,0.243057
1,14,2.543965,0.00005000,0.597081,0.638845,1.555403,1.568210,0.237677
1,15,2.924634,0.00005000,0.617840,0.662830,1.843313,1.861671,0.288789
1,16,2.029229,0.00005000,0.542335,0.580996,1.184464,1.193424,0.183516
1,17,1.884494,0.00005000,0.574480,0.620236,1.034406,1.048701,0.156138
1,18,2.341823,0.00005000,0.515408,0.564701,1.450918,1.473979,0.226779
1,19,2.170120,0.00005000,0.522905,0.568057,1.302646,1.323519,0.231760
1,20,1.569275,0.00005000,0.537343,0.586820,0.803154,0.820410,0.143672
1,21,1.728052,0.00005000,0.517899,0.566230,0.949883,0.968581,0.155230
1,22,1.579908,0.00005000,0.537440,0.590603,0.812412,0.827432,0.153485
1,23,1.893848,0.00005000,0.453401,0.502101,1.132554,1.158976,0.199035
1,24,2.244374,0.00005000,0.543801,0.598881,1.336765,1.370553,0.218154
1,25,1.590212,0.00005000,0.452066,0.500387,0.886472,0.913418,0.149434
1,26,1.657147,0.00005000,0.515163,0.560332,0.906635,0.908829,0.158740
1,27,1.801599,0.00005000,0.448867,0.509456,1.058082,1.084604,0.206931
1,28,1.356417,0.00005000,0.473020,0.525059,0.696674,0.699461,0.122324
1,29,1.956743,0.00005000,0.413039,0.470488,1.186483,1.247868,0.233433
1,30,1.355238,0.00005000,0.414970,0.471770,0.744826,0.747145,0.137125
1,31,2.252886,0.00005000,0.409835,0.469709,1.425398,1.485221,0.328434
1,32,1.596619,0.00005000,0.411995,0.467336,0.915730,0.951278,0.178890
1,33,1.838740,0.00005000,0.367931,0.452904,1.121462,1.181811,0.280404
1,34,1.886225,0.00005000,0.383236,0.446798,1.170305,1.202997,0.290608
1,35,1.321442,0.00005000,0.405071,0.481843,0.730066,0.726868,0.129319
1,36,1.516232,0.00005000,0.429615,0.479627,0.832802,0.869085,0.179939
1,37,1.765604,0.00005000,0.348814,0.432878,1.082056,1.141214,0.250148
1,38,1.208840,0.00005000,0.385478,0.433806,0.636455,0.657188,0.114621
1,39,1.402409,0.00005000,0.383389,0.459050,0.795079,0.809213,0.185594
1,40,1.934765,0.00005000,0.418830,0.497001,1.158082,1.220519,0.259663
1,41,1.569119,0.00005000,0.464420,0.541470,0.892451,0.873524,0.170741
1,42,0.943219,0.00005000,0.362087,0.414492,0.479562,0.450725,0.091798
1,43,1.253824,0.00005000,0.356704,0.428469,0.734672,0.706809,0.146354
1,44,2.100749,0.00005000,0.415134,0.479542,1.272005,1.366779,0.269717
1,45,1.892168,0.00005000,0.381279,0.471889,1.182020,1.214389,0.243341
1,46,1.097368,0.00005000,0.369290,0.431073,0.587437,0.572899,0.107587
1,47,0.983526,0.00005000,0.374000,0.439835,0.522521,0.468843,0.094577
1,48,1.533440,0.00005000,0.362726,0.444703,0.938016,0.936108,0.165120
1,49,1.591275,0.00005000,0.375833,0.455237,0.929117,0.977252,0.197367
1,50,1.378553,0.00005000,0.419157,0.484964,0.778183,0.757438,0.147155
1,51,1.023795,0.00005000,0.362676,0.417198,0.551219,0.513552,0.109755
1,52,1.226231,0.00005000,0.352824,0.414715,0.712909,0.688317,0.145153
1,53,1.591151,0.00005000,0.326411,0.405298,0.992624,1.015060,0.205937
1,54,1.620800,0.00005000,0.376210,0.450636,0.976634,0.997212,0.196797
1,55,1.415186,0.00005000,0.397868,0.458475,0.828808,0.805438,0.154625
1,56,1.101572,0.00005000,0.311887,0.376735,0.636758,0.624681,0.125443
1,57,1.522689,0.00005000,0.381106,0.456902,0.927671,0.903758,0.196302
1,58,1.050904,0.00005000,0.385686,0.449911,0.563232,0.515562,0.096759
1,59,1.669920,0.00005000,0.352306,0.439871,1.071010,1.045822,0.237309
1,60,0.956304,0.00005000,0.402953,0.467148,0.480513,0.421139,0.085010
1,61,1.572995,0.00005000,0.366369,0.427873,0.969080,0.958550,0.219111
1,62,1.581405,0.00005000,0.359720,0.415634,0.946405,0.976963,0.231066
1,63,1.376890,0.00005000,0.366178,0.438933,0.844212,0.794271,0.171011
1,64,1.079063,0.00005000,0.383236,0.451066,0.610778,0.533674,0.116293
1,65,1.114765,0.00005000,0.336614,0.401606,0.627207,0.613618,0.126744
1,66,1.440499,0.00005000,0.320148,0.379186,0.892985,0.899052,0.158284
1,67,1.119194,0.00005000,0.384268,0.458125,0.635406,0.566759,0.121204
1,68,1.190192,0.00005000,0.386929,0.444269,0.645411,0.631439,0.136856
1,69,1.434128,0.00005000,0.347224,0.406953,0.883833,0.865476,0.162090
1,70,0.954496,0.00005000,0.345804,0.409897,0.523795,0.467875,0.103749
1,71,1.030474,0.00005000,0.341772,0.411259,0.581669,0.535621,0.107892
1,72,1.036417,0.00005000,0.335242,0.402312,0.594716,0.541780,0.135580
1,73,1.803387,0.00005000,0.336199,0.412196,1.078739,1.189155,0.277841
1,74,2.004889,0.00005000,0.315399,0.384830,1.320870,1.367929,0.254309
1,75,1.239878,0.00005000,0.354454,0.397550,0.677810,0.705914,0.160465
1,76,0.898883,0.00005000,0.400577,0.447720,0.439596,0.376821,0.074527
1,77,1.210759,0.00005000,0.401604,0.462194,0.644073,0.633093,0.160912
1,78,1.536071,0.00005000,0.328475,0.404552,0.942712,0.959077,0.264990
1,79,1.324704,0.00005000,0.402706,0.468265,0.748598,0.727173,0.144611
1,80,1.290021,0.00005000,0.274201,0.351561,0.793521,0.804785,0.231688
1,81,1.135783,0.00005000,0.377756,0.435998,0.615483,0.587757,0.169156
1,82,0.959179,0.00005000,0.333981,0.414982,0.554801,0.477194,0.108638
1,83,0.943348,0.00005000,0.264090,0.331262,0.577059,0.526576,0.138047
1,84,1.528106,0.00005000,0.355115,0.436813,0.920782,0.924091,0.286019
1,85,1.714944,0.00005000,0.348037,0.418269,1.092800,1.085844,0.277263
1,86,0.978046,0.00005000,0.326615,0.381844,0.544588,0.505703,0.118117
1,87,1.234450,0.00005000,0.375578,0.439916,0.695561,0.672137,0.170846
1,88,2.649209,0.00005000,0.315782,0.405856,1.810994,1.881263,0.464476
1,89,1.197077,0.00005000,0.316764,0.376119,0.698248,0.698700,0.154384
1,90,1.471130,0.00005000,0.331380,0.403031,0.896701,0.908803,0.209701
1,91,1.234688,0.00005000,0.324433,0.408288,0.750582,0.715164,0.163735
1,92,1.429604,0.00005000,0.349566,0.414519,0.869411,0.858498,0.179544
1,93,1.273800,0.00005000,0.348636,0.411514,0.766934,0.727831,0.155805
1,94,1.104269,0.00005000,0.342874,0.413007,0.644752,0.592142,0.131015
1,95,0.990176,0.00005000,0.431562,0.491540,0.509363,0.418356,0.092059
1,96,1.304769,0.00005000,0.326526,0.409836,0.812006,0.770145,0.168034
1,97,1.223295,0.00005000,0.292924,0.369809,0.743836,0.741874,0.141597
1,98,1.595691,0.00005000,0.337097,0.422407,1.016800,1.002709,0.209364
1,99,0.962916,0.00005000,0.327662,0.394870,0.563958,0.487072,0.104312
1,100,0.973312,0.00005000,0.342708,0.404233,0.547035,0.485337,0.104323
1,101,1.370749,0.00005000,0.313747,0.411064,0.880960,0.830929,0.195516
1,102,2.184914,0.00005000,0.327412,0.420592,1.443630,1.502565,0.301204
1,103,1.698917,0.00005000,0.274421,0.363498,1.064949,1.161565,0.211774
1,104,0.858015,0.00005000,0.302208,0.365983,0.487791,0.424595,0.102368
1,105,1.342642,0.00005000,0.373403,0.441213,0.815502,0.757812,0.175108
1,106,1.451332,0.00005000,0.318218,0.389097,0.892778,0.905997,0.194042
1,107,1.492676,0.00005000,0.329608,0.413247,0.969997,0.915950,0.216377
1,108,1.692943,0.00005000,0.319145,0.421901,1.084147,1.095592,0.268544
1,109,1.157281,0.00005000,0.280709,0.374713,0.729509,0.689695,0.148267
1,110,1.600353,0.00005000,0.323594,0.410011,0.990609,1.021491,0.244305
1,111,1.237347,0.00005000,0.343322,0.414824,0.734096,0.702222,0.161617
1,112,1.224965,0.00005000,0.315341,0.374543,0.727551,0.725076,0.135397
1,113,2.530367,0.00005000,0.299351,0.400478,1.783498,1.779063,0.501531
1,114,2.287936,0.00005000,0.322382,0.402425,1.565935,1.559537,0.484727
1,115,1.423051,0.00005000,0.340307,0.415588,0.924616,0.847261,0.198536
1,116,1.658027,0.00005000,0.373087,0.454758,1.005238,1.032362,0.191945
1,117,1.439725,0.00005000,0.335904,0.417886,0.868360,0.870794,0.256406
1,118,1.262345,0.00005000,0.334503,0.405721,0.775059,0.715441,0.247357
1,119,1.428702,0.00005000,0.299601,0.382845,0.932794,0.889728,0.224474
1,120,1.179128,0.00005000,0.363457,0.433524,0.661924,0.632670,0.192932
1,121,1.055985,0.00005000,0.340113,0.422110,0.615866,0.539861,0.211549
1,122,0.895240,0.00005000,0.366775,0.412670,0.457785,0.399268,0.113376
1,123,1.253605,0.00005000,0.349022,0.428079,0.750804,0.707336,0.171219
1,124,1.324208,0.00005000,0.364505,0.427959,0.757820,0.754999,0.211619
1,125,1.664897,0.00005000,0.352435,0.409908,1.031030,1.042352,0.289393
1,126,1.142641,0.00005000,0.314746,0.396862,0.689916,0.641523,0.190302
1,127,1.453685,0.00005000,0.401499,0.467991,0.884473,0.817865,0.226845
1,128,1.824299,0.00005000,0.338809,0.413695,1.193412,1.181873,0.294996
1,129,1.136118,0.00005000,0.384271,0.431524,0.611612,0.585690,0.148381
2,130,1.167294,0.00005000,0.408113,0.470246,0.645674,0.583687,0.152315
2,131,1.165586,0.00005000,0.364167,0.448385,0.685627,0.618872,0.153349
2,132,0.791690,0.00005000,0.348496,0.391650,0.382103,0.335171,0.080136
2,133,1.359089,0.00005000,0.291122,0.366592,0.905271,0.833047,0.236908
2,134,1.417724,0.00005000,0.326341,0.401593,0.846436,0.868650,0.222443
2,135,1.314593,0.00005000,0.370109,0.441356,0.775523,0.737623,0.197926
2,136,1.273963,0.00005000,0.307943,0.373164,0.764679,0.755319,0.260708
2,137,1.078414,0.00005000,0.376506,0.430663,0.581919,0.542791,0.141332
2,138,0.962363,0.00005000,0.342256,0.406990,0.551979,0.472096,0.115101
2,139,1.133199,0.00005000,0.287752,0.345940,0.665120,0.668476,0.177674
2,140,1.193856,0.00005000,0.353454,0.421756,0.700061,0.650684,0.190784
2,141,1.327611,0.00005000,0.344109,0.424089,0.794952,0.777269,0.173589
2,142,1.480808,0.00005000,0.348174,0.422845,0.942799,0.885209,0.251483
2,143,1.583634,0.00005000,0.339425,0.414459,1.008620,0.968947,0.352097
2,144,1.160479,0.00005000,0.363778,0.414999,0.649306,0.623666,0.149490
2,145,1.415894,0.00005000,0.316879,0.399855,0.884103,0.866166,0.240238
2,146,1.791916,0.00005000,0.295321,0.381616,1.176103,1.185182,0.380740
2,147,1.165039,0.00005000,0.347494,0.421067,0.684734,0.631568,0.186514
2,148,1.232342,0.00005000,0.355403,0.416559,0.734292,0.686048,0.154695
2,149,1.283280,0.00005000,0.342608,0.415689,0.766130,0.739903,0.178389
2,150,1.212515,0.00005000,0.345526,0.419768,0.726178,0.673860,0.179359
2,151,1.423851,0.00005000,0.303457,0.379368,0.929484,0.883853,0.211177
2,152,0.868193,0.00005000,0.399073,0.437336,0.428780,0.350296,0.074668
2,153,1.550676,0.00005000,0.316435,0.386265,1.005885,0.981161,0.217264
2,154,1.444780,0.00005000,0.379530,0.431618,0.853752,0.847810,0.167383
2,155,1.686344,0.00005000,0.410092,0.463269,1.012626,1.018162,0.216009
2,156,0.926720,0.00005000,0.308824,0.392532,0.551300,0.471820,0.107928
2,157,2.191330,0.00005000,0.405330,0.471819,1.383361,1.447480,0.255045
2,158,0.743936,0.00005000,0.274153,0.321384,0.425254,0.355726,0.086246
2,159,0.979651,0.00005000,0.401516,0.467498,0.517814,0.436839,0.095720
2,160,1.588218,0.00005000,0.338351,0.411122,1.052115,0.983221,0.237777
2,161,1.175974,0.00005000,0.375572,0.423513,0.636303,0.622116,0.198998
2,162,1.589483,0.00005000,0.378645,0.447451,0.970878,0.947785,0.310029
2,163,1.239519,0.00005000,0.308702,0.372521,0.750665,0.739582,0.149838
2,164,1.036233,0.00005000,0.362184,0.434266,0.577320,0.515437,0.142897
2,165,1.135900,0.00005000,0.386587,0.462410,0.640118,0.568686,0.196551
2,166,0.987562,0.00005000,0.345914,0.407356,0.529969,0.496070,0.128111
2,167,1.301216,0.00005000,0.305353,0.395586,0.785134,0.791095,0.186419
2,168,1.397102,0.00005000,0.283572,0.359970,0.919942,0.880534,0.206731
2,169,2.071963,0.00005000,0.286025,0.380699,1.331352,1.447299,0.355559
2,170,0.999114,0.00005000,0.358419,0.422059,0.571719,0.485183,0.133764
2,171,1.527242,0.00005000,0.279943,0.366812,0.982140,1.001594,0.206246
2,172,1.544891,0.00005000,0.274265,0.346104,0.974791,1.016595,0.278447
2,173,0.935827,0.00005000,0.354155,0.414190,0.523852,0.435934,0.135051
2,174,1.231385,0.00005000,0.296840,0.365839,0.823953,0.726360,0.167350
2,175,1.641423,0.00005000,0.358083,0.422915,1.037037,1.017390,0.249313
2,176,1.006451,0.00005000,0.281630,0.363199,0.623840,0.557283,0.164068
2,177,0.864156,0.00005000,0.313538,0.383994,0.502589,0.415701,0.101333
2,178,1.098114,0.00005000,0.347801,0.410984,0.621236,0.586787,0.124867
2,179,1.738605,0.00005000,0.360170,0.422222,1.112421,1.096966,0.252495
2,180,0.998504,0.00005000,0.321685,0.403859,0.619612,0.511708,0.139970
2,181,1.203926,0.00005000,0.366146,0.427659,0.692397,0.653814,0.160694
2,182,1.134769,0.00005000,0.365694,0.412887,0.624354,0.605088,0.123140
2,183,1.398627,0.00005000,0.289438,0.350612,0.914648,0.876984,0.211627
2,184,0.985780,0.00005000,0.293110,0.379124,0.617238,0.526504,0.158417
2,185,0.870752,0.00005000,0.310642,0.364116,0.481407,0.431398,0.094834
2,186,1.407157,0.00005000,0.317377,0.380495,0.866870,0.867726,0.197700
2,187,2.477361,0.00005000,0.327863,0.408868,1.662030,1.727713,0.459571
2,188,1.647268,0.00005000,0.317504,0.381668,1.145922,1.050799,0.204645
2,189,1.042558,0.00005000,0.383814,0.438546,0.586176,0.500971,0.124073
2,190,1.274773,0.00005000,0.362621,0.414182,0.736064,0.720078,0.161012
2,191,1.061125,0.00005000,0.302562,0.353157,0.637543,0.594135,0.128408
2,192,1.009284,0.00005000,0.333256,0.407970,0.610390,0.514145,0.129374
2,193,1.141680,0.00005000,0.288893,0.368117,0.724053,0.667798,0.145153
2,194,1.049835,0.00005000,0.350800,0.417731,0.599633,0.538351,0.132473
2,195,0.998389,0.00005000,0.334473,0.398634,0.564667,0.514136,0.112768
2,196,1.235289,0.00005000,0.339887,0.405231,0.743432,0.703724,0.151534
2,197,0.931558,0.00005000,0.338305,0.407758,0.551749,0.446245,0.108473
2,198,1.011296,0.00005000,0.352484,0.410206,0.575249,0.506515,0.111581
2,199,1.330708,0.00005000,0.296384,0.373551,0.862535,0.815467,0.184478
2,200,0.966886,0.00005000,0.251986,0.347347,0.643233,0.549546,0.128933
2,201,1.160959,0.00005000,0.295230,0.376175,0.730396,0.676504,0.162245
2,202,1.064680,0.00005000,0.374769,0.441128,0.598669,0.531150,0.113139
2,203,1.245767,0.00005000,0.316478,0.385565,0.752356,0.730665,0.192495
2,204,1.113581,0.00005000,0.393083,0.442197,0.582463,0.560615,0.141868
2,205,0.836395,0.00005000,0.331659,0.391342,0.477516,0.376394,0.088478
2,206,1.759339,0.00005000,0.395777,0.456465,1.114971,1.070872,0.312484
2,207,1.111058,0.00005000,0.299396,0.352749,0.645502,0.636731,0.187961
2,208,0.920659,0.00005000,0.345791,0.394745,0.489182,0.440576,0.111451
2,209,1.156854,0.00005000,0.333049,0.405889,0.690786,0.644517,0.138905
2,210,1.763557,0.00005000,0.321271,0.397298,1.166389,1.135684,0.356395
2,211,1.326674,0.00005000,0.323281,0.380818,0.846304,0.781043,0.226986
2,212,0.872956,0.00005000,0.294039,0.378405,0.551682,0.434416,0.101629
2,213,0.887528,0.00005000,0.372732,0.429059,0.482725,0.383002,0.091974
2,214,1.045020,0.00005000,0.281849,0.364237,0.682739,0.587785,0.137511
2,215,0.956168,0.00005000,0.318031,0.382480,0.562608,0.489476,0.113440
2,216,0.819289,0.00005000,0.318856,0.382372,0.466072,0.374865,0.088232
2,217,0.826471,0.00005000,0.332041,0.395475,0.462938,0.369398,0.084471
2,218,0.994146,0.00005000,0.281370,0.377090,0.667395,0.537647,0.151975
2,219,1.147711,0.00005000,0.326200,0.392494,0.693230,0.640970,0.148473
2,220,1.025006,0.00005000,0.332746,0.381629,0.570298,0.543222,0.105979
2,221,0.753052,0.00005000,0.305844,0.352700,0.404574,0.336496,0.081074
2,222,1.160487,0.00005000,0.353927,0.426965,0.685627,0.628409,0.131184
2,223,1.099491,0.00005000,0.331594,0.410889,0.664436,0.594340,0.134172
2,224,1.067854,0.00005000,0.369070,0.426096,0.595687,0.541318,0.113493
2,225,0.968811,0.00005000,0.282961,0.350948,0.588671,0.534086,0.109883
2,226,0.947135,0.00005000,0.312015,0.375196,0.542633,0.490147,0.117909
2,227,0.867640,0.00005000,0.368145,0.429775,0.475795,0.369979,0.085787
2,228,1.023885,0.00005000,0.307130,0.388136,0.635734,0.550200,0.133342
2,229,1.212381,0.00005000,0.307414,0.370974,0.727661,0.718405,0.149874
2,230,1.100809,0.00005000,0.349305,0.408807,0.608924,0.592222,0.113714
2,231,0.946673,0.00005000,0.311686,0.369614,0.539854,0.491160,0.115831
2,232,1.004010,0.00005000,0.333909,0.406500,0.586883,0.513384,0.126770
2,233,1.438858,0.00005000,0.311765,0.399016,0.928385,0.890483,0.206546
2,234,1.320237,0.00005000,0.307816,0.374501,0.856026,0.797826,0.164429
2,235,1.026516,0.00005000,0.359654,0.429889,0.595890,0.507566,0.124156
2,236,0.913997,0.00005000,0.268681,0.339976,0.572415,0.496638,0.114645
2,237,1.126108,0.00005000,0.345528,0.405928,0.629467,0.615006,0.129221
2,238,0.997593,0.00005000,0.320933,0.358712,0.567632,0.529780,0.102785
2,239,0.745467,0.00005000,0.277722,0.351548,0.460074,0.345606,0.083646
2,240,1.152866,0.00005000,0.300753,0.387182,0.742754,0.661991,0.148083
2,241,0.893624,0.00005000,0.301947,0.389825,0.548715,0.446599,0.105624
2,242,1.113064,0.00005000,0.346131,0.422573,0.642047,0.598172,0.128149
2,243,1.576511,0.00005000,0.276858,0.363446,1.075533,1.034401,0.213155
2,244,1.497312,0.00005000,0.338001,0.414597,0.954150,0.911420,0.242207
2,245,1.069280,0.00005000,0.330144,0.401747,0.645564,0.568975,0.139740
2,246,0.949449,0.00005000,0.333612,0.406701,0.577245,0.462944,0.114059
2,247,1.103174,0.00005000,0.308145,0.371606,0.636463,0.627510,0.144302
2,248,1.417845,0.00005000,0.286186,0.376419,0.892216,0.904204,0.201273
2,249,0.971284,0.00005000,0.278255,0.350827,0.576654,0.542424,0.118220
2,250,0.979863,0.00005000,0.326769,0.394688,0.574461,0.500651,0.118773
2,251,1.530581,0.00005000,0.293342,0.355384,0.971884,0.996553,0.190270
2,252,0.947035,0.00005000,0.365912,0.400547,0.501458,0.445283,0.103473
2,253,1.026467,0.00005000,0.322111,0.395847,0.631818,0.539419,0.125211
2,254,1.383859,0.00005000,0.314962,0.394060,0.923089,0.831766,0.218733
2,255,0.877629,0.00005000,0.308255,0.386787,0.531773,0.426501,0.114525
2,256,0.948491,0.00005000,0.291351,0.370552,0.577004,0.505727,0.116560
2,257,1.245228,0.00005000,0.288684,0.360187,0.770526,0.755497,0.192883
2,258,0.941465,0.00005000,0.305002,0.363874,0.551694,0.487068,0.139085
3,259,1.162335,0.00005000,0.282000,0.336621,0.780924,0.686947,0.135809
3,260,1.000875,0.00005000,0.286867,0.356091,0.626123,0.549832,0.140980
3,261,1.373852,0.00005000,0.308654,0.376655,0.916843,0.837607,0.169269
3,262,1.171882,0.00005000,0.317441,0.373104,0.755642,0.661077,0.157209
3,263,0.790300,0.00005000,0.336616,0.381401,0.419659,0.339657,0.073497
3,264,1.296718,0.00005000,0.291697,0.366231,0.853381,0.791887,0.160976
3,265,1.938983,0.00005000,0.284585,0.372720,1.271068,1.335335,0.308093
3,266,1.282659,0.00005000,0.331240,0.399734,0.843200,0.738950,0.158955
3,267,0.996805,0.00005000,0.258790,0.330132,0.655033,0.568541,0.146402
3,268,1.127607,0.00005000,0.279861,0.368012,0.731250,0.658238,0.165714
3,269,0.887178,0.00005000,0.258463,0.315385,0.540143,0.487310,0.117380
3,270,1.334444,0.00005000,0.276211,0.353929,0.881928,0.834655,0.196640
3,271,1.327525,0.00005000,0.335314,0.416447,0.855083,0.769118,0.208360
3,272,1.002916,0.00005000,0.331685,0.384501,0.590426,0.514400,0.130140
3,273,1.062401,0.00005000,0.313627,0.381202,0.639863,0.581987,0.131699
3,274,1.551126,0.00005000,0.327757,0.396865,1.027213,0.968951,0.194215
3,275,1.276536,0.00005000,0.307522,0.381732,0.803497,0.762174,0.180357
3,276,0.791741,0.00005000,0.302432,0.346410,0.442570,0.371822,0.077684
3,277,1.074653,0.00005000,0.336477,0.408368,0.645248,0.567299,0.142725
3,278,1.170452,0.00005000,0.336500,0.394104,0.726116,0.648314,0.138059
3,279,1.549542,0.00005000,0.328401,0.400163,0.991603,0.969965,0.218977
3,280,1.468595,0.00005000,0.368771,0.434569,0.907002,0.868178,0.190114
3,281,0.879254,0.00005000,0.325239,0.391011,0.525850,0.414273,0.100142
3,282,1.402453,0.00005000,0.246725,0.314985,0.933224,0.921076,0.215054
3,283,1.499347,0.00005000,0.261222,0.355508,1.044268,0.980258,0.208250
3,284,1.288424,0.00005000,0.241465,0.343387,0.892162,0.816723,0.230890
3,285,1.487245,0.00005000,0.364778,0.421508,0.929367,0.880497,0.233475
3,286,1.252592,0.00005000,0.332465,0.382363,0.782893,0.719955,0.163170
3,287,1.433652,0.00005000,0.326302,0.398261,0.900676,0.878293,0.193391
3,288,1.028848,0.00005000,0.245819,0.319401,0.681632,0.609953,0.138532
3,289,0.937395,0.00005000,0.352459,0.404386,0.523097,0.443520,0.110518
3,290,1.073129,0.00005000,0.328641,0.399817,0.661253,0.571273,0.139826
3,291,0.835041,0.00005000,0.342480,0.404236,0.458216,0.368254,0.083012
3,292,1.352173,0.00005000,0.346073,0.419844,0.857172,0.782678,0.206642
3,293,1.148640,0.00005000,0.344373,0.417169,0.705829,0.620400,0.145618
3,294,0.987673,0.00005000,0.339855,0.398010,0.564541,0.495176,0.132222
3,295,1.664463,0.00005000,0.347642,0.417782,1.080142,1.043651,0.241689
3,296,0.919396,0.00005000,0.310685,0.389132,0.576136,0.455965,0.120418
3,297,1.332886,0.00005000,0.275229,0.337844,0.868137,0.840277,0.179064
3,298,1.311352,0.00005000,0.323594,0.393317,0.806196,0.776802,0.200342
3,299,0.846247,0.00005000,0.291581,0.364333,0.541983,0.410929,0.114157
3,300,1.810893,0.00005000,0.388288,0.446956,1.190442,1.112336,0.332214
3,301,0.811386,0.00005000,0.286786,0.358124,0.500057,0.390989,0.104625
3,302,0.861824,0.00005000,0.305325,0.355546,0.489929,0.426884,0.092350
3,303,0.960682,0.00005000,0.294275,0.377101,0.621113,0.502898,0.136211
3,304,1.527531,0.00005000,0.295717,0.378459,1.024264,0.972916,0.234150
3,305,1.387734,0.00005000,0.338555,0.386104,0.901964,0.821488,0.186621
3,306,0.988824,0.00005000,0.287100,0.356939,0.621268,0.539664,0.133063
3,307,0.887303,0.00005000,0.318843,0.384155,0.544533,0.424139,0.108051
3,308,0.783315,0.00005000,0.327149,0.372842,0.432963,0.339463,0.076455
3,309,1.074147,0.00005000,0.247908,0.316958,0.696058,0.648081,0.153991
3,310,1.608423,0.00005000,0.336627,0.420698,1.062026,1.003784,0.230473
3,311,0.851878,0.00005000,0.269262,0.355378,0.564129,0.433645,0.122511
3,312,1.782292,0.00005000,0.283320,0.375498,1.269591,1.177771,0.323389
3,313,1.091184,0.00005000,0.262559,0.325574,0.711148,0.641850,0.188443
3,314,0.772449,0.00005000,0.296582,0.347587,0.433102,0.357587,0.095204
3,315,1.097503,0.00005000,0.296556,0.369807,0.691683,0.621593,0.150181
3,316,0.927344,0.00005000,0.276288,0.319944,0.544991,0.504122,0.146261
3,317,1.291810,0.00005000,0.304509,0.375588,0.891878,0.757582,0.217094
3,318,1.245879,0.00005000,0.283768,0.336127,0.816331,0.758248,0.158603
3,319,0.992316,0.00005000,0.328019,0.395432,0.592545,0.505390,0.137503
3,320,1.583838,0.00005000,0.343434,0.419410,1.010355,0.984998,0.215759
3,321,1.379721,0.00005000,0.324518,0.389127,0.847789,0.830699,0.236600
3,322,1.198614,0.00005000,0.332403,0.389215,0.729661,0.671637,0.194537
3,323,0.826120,0.00005000,0.317495,0.367200,0.482691,0.378271,0.103037
3,324,1.290715,0.00005000,0.338371,0.415349,0.789515,0.746453,0.181470
3,325,0.712506,0.00005000,0.254859,0.315554,0.442498,0.336847,0.110150
3,326,1.165062,0.00005000,0.277609,0.354316,0.788921,0.677045,0.232726
3,327,0.994885,0.00005000,0.279702,0.347309,0.628524,0.546577,0.170237
3,328,1.707387,0.00005000,0.292902,0.368476,1.138942,1.121049,0.314826
3,329,1.521646,0.00005000,0.292031,0.358947,1.022638,0.964441,0.284666
3,330,1.260813,0.00005000,0.304537,0.373043,0.780960,0.744405,0.246838
3,331,0.776368,0.00005000,0.287025,0.355578,0.471673,0.361644,0.103901
3,332,1.454814,0.00005000,0.279647,0.343228,0.948465,0.933536,0.231842
3,333,0.863655,0.00005000,0.324455,0.388823,0.515333,0.400817,0.105841
3,334,0.801788,0.00005000,0.256534,0.330362,0.528364,0.405287,0.118508
3,335,1.023552,0.00005000,0.230751,0.302681,0.692803,0.613758,0.168991
3,336,1.188613,0.00005000,0.349324,0.406541,0.731473,0.644200,0.189782
3,337,0.976268,0.00005000,0.302073,0.366429,0.613302,0.509011,0.161355
3,338,1.132419,0.00005000,0.299327,0.363591,0.700023,0.650565,0.162290
3,339,1.165759,0.00005000,0.273015,0.343681,0.759162,0.700455,0.155141
3,340,0.997542,0.00005000,0.321125,0.388050,0.612117,0.510791,0.158669
3,341,0.978824,0.00005000,0.310744,0.368437,0.595044,0.504523,0.174182
3,342,0.947455,0.00005000,0.296122,0.372366,0.620788,0.489259,0.128655
3,343,1.185151,0.00005000,0.331262,0.390102,0.704485,0.664163,0.195497
3,344,1.261134,0.00005000,0.316434,0.378005,0.819708,0.724622,0.248240
3,345,0.842309,0.00005000,0.334642,0.378956,0.463786,0.377675,0.121914
3,346,0.854937,0.00005000,0.263352,0.322571,0.553752,0.443042,0.144425
3,347,1.099576,0.00005000,0.280127,0.333856,0.697603,0.633317,0.199459
3,348,0.898903,0.00005000,0.314784,0.382752,0.571287,0.429570,0.141023
3,349,0.758046,0.00005000,0.282817,0.337258,0.466681,0.348252,0.111850
3,350,0.865614,0.00005000,0.257712,0.319864,0.579000,0.456302,0.132047
3,351,1.306784,0.00005000,0.274103,0.336555,0.915827,0.794563,0.254167
3,352,0.974741,0.00005000,0.280609,0.334777,0.618023,0.529810,0.159859
3,353,1.396173,0.00005000,0.285865,0.349764,0.949220,0.867929,0.233646
3,354,1.637305,0.00005000,0.248626,0.317209,1.114828,1.105484,0.295797
3,355,0.723386,0.00005000,0.263315,0.327099,0.466217,0.336943,0.090203
3,356,1.194281,0.00005000,0.261087,0.328673,0.807864,0.729865,0.168817
3,357,1.235599,0.00005000,0.300338,0.368071,0.799782,0.726144,0.205048
3,358,0.981424,0.00005000,0.260478,0.327783,0.661054,0.550665,0.144539
3,359,0.784900,0.00005000,0.282429,0.346557,0.511435,0.367656,0.101338
3,360,0.628628,0.00005000,0.247099,0.296803,0.405962,0.273058,0.082924
3,361,0.939137,0.00005000,0.294835,0.358705,0.600454,0.486663,0.130756
3,362,0.850913,0.00005000,0.260016,0.326313,0.569166,0.438352,0.149311
3,363,0.903615,0.00005000,0.242266,0.306019,0.609026,0.496795,0.182992
3,364,0.773557,0.00005000,0.260432,0.316700,0.489258,0.383256,0.107881
3,365,0.684169,0.00005000,0.273953,0.332779,0.416798,0.297265,0.086348
3,366,0.679662,0.00005000,0.293340,0.337983,0.392558,0.279445,0.076446
3,367,1.383893,0.00005000,0.254352,0.324138,0.956529,0.887016,0.233416
3,368,0.759783,0.00005000,0.245270,0.316754,0.507488,0.376179,0.139994
3,369,1.598642,0.00005000,0.226643,0.282960,1.095302,1.089561,0.328199
3,370,0.883478,0.00005000,0.245619,0.316174,0.616600,0.478563,0.134448
3,371,1.344635,0.00005000,0.250843,0.318110,0.947124,0.856172,0.215264
3,372,0.866201,0.00005000,0.263636,0.326753,0.600634,0.444081,0.146799
3,373,0.888852,0.00005000,0.316626,0.373749,0.567757,0.419594,0.135959
3,374,1.109365,0.00005000,0.260837,0.336720,0.740103,0.655211,0.189740
3,375,0.856414,0.00005000,0.295824,0.359797,0.532792,0.419029,0.113411
3,376,0.709474,0.00005000,0.309242,0.352767,0.403984,0.288598,0.087990
3,377,1.062093,0.00005000,0.267508,0.319560,0.713532,0.594466,0.276231
3,378,1.150569,0.00005000,0.247501,0.288342,0.739063,0.697173,0.291104
3,379,0.814543,0.00005000,0.307953,0.366506,0.503184,0.369999,0.117531
3,380,1.149122,0.00005000,0.243044,0.306521,0.852219,0.675730,0.297186
3,381,0.814482,0.00005000,0.317397,0.371067,0.496273,0.358270,0.140044
3,382,0.717260,0.00005000,0.326620,0.372899,0.404240,0.277851,0.088634
3,383,1.447901,0.00005000,0.261868,0.317760,1.006877,0.931968,0.245343
3,384,1.147109,0.00005000,0.323152,0.367194,0.748519,0.624032,0.212415
3,385,0.988487,0.00005000,0.270326,0.321789,0.660210,0.536512,0.223450
3,386,0.819514,0.00005000,0.274564,0.322290,0.516110,0.408062,0.117006
3,387,0.968116,0.00005000,0.212590,0.280317,0.665770,0.579893,0.189760
4,388,1.016103,0.00004999,0.238602,0.322447,0.720577,0.582264,0.233330
4,389,0.596895,0.00004999,0.265692,0.303065,0.346869,0.234933,0.078284
4,390,1.027091,0.00004999,0.340334,0.391981,0.635334,0.506564,0.223511
4,391,1.072670,0.00004999,0.231743,0.290030,0.728043,0.638195,0.284146
4,392,0.814110,0.00004999,0.277234,0.343270,0.533967,0.392890,0.133526
4,393,0.710924,0.00004999,0.210608,0.271535,0.499749,0.364221,0.150462
4,394,0.905902,0.00004999,0.350993,0.407606,0.523480,0.402922,0.179406
4,395,0.612815,0.00004999,0.246487,0.294100,0.414677,0.255194,0.089957
4,396,1.018253,0.00004999,0.265914,0.323605,0.709978,0.574538,0.130836
4,397,1.060905,0.00004999,0.250867,0.311301,0.709894,0.616034,0.243064
4,398,0.802255,0.00004999,0.277931,0.329412,0.511815,0.380231,0.168397
4,399,1.717451,0.00004999,0.271939,0.341491,1.252991,1.123997,0.358956
4,400,0.904137,0.00004999,0.322277,0.374649,0.539285,0.434716,0.137027
4,401,0.900277,0.00004999,0.234591,0.303553,0.635273,0.493774,0.197865
4,402,0.721694,0.00004999,0.262642,0.315803,0.462829,0.334350,0.108977
4,403,1.022783,0.00004999,0.220248,0.283176,0.713492,0.618183,0.183303
4,404,0.754406,0.00004999,0.280195,0.324365,0.458712,0.349417,0.112225
4,405,1.076783,0.00004999,0.240903,0.296320,0.782018,0.638244,0.176106
4,406,0.656513,0.00004999,0.290363,0.329987,0.380742,0.262355,0.074314
4,407,0.917073,0.00004999,0.273831,0.332661,0.605578,0.482717,0.151840
4,408,1.243079,0.00004999,0.231940,0.298287,0.932486,0.775984,0.224949
4,409,0.731742,0.00004999,0.247456,0.300243,0.530879,0.344684,0.122766
4,410,0.959074,0.00004999,0.265327,0.323394,0.632534,0.526676,0.162628
4,411,0.882033,0.00004999,0.259825,0.326347,0.614933,0.461848,0.140377
4,412,0.767990,0.00004999,0.248271,0.319607,0.553033,0.372884,0.134992
4,413,1.089440,0.00004999,0.254882,0.322698,0.745655,0.641858,0.182891
4,414,0.800529,0.00004999,0.275761,0.342241,0.521137,0.382139,0.141938
4,415,0.618277,0.00004999,0.212582,0.259453,0.432776,0.290197,0.106462
4,416,0.592210,0.00004999,0.207257,0.254224,0.415566,0.276178,0.086338
4,417,0.610153,0.00004999,0.254599,0.301635,0.375899,0.253376,0.079442
4,418,0.724253,0.00004999,0.263058,0.325520,0.491788,0.328823,0.118260
4,419,0.844225,0.00004999,0.254780,0.326064,0.595240,0.433521,0.137146
4,420,0.992833,0.00004999,0.236473,0.288987,0.668462,0.581409,0.178727
4,421,0.700891,0.00004999,0.248844,0.293867,0.453096,0.328023,0.124739
4,422,0.686494,0.00004999,0.257580,0.308785,0.460674,0.305953,0.102580
4,423,1.662932,0.00004999,0.255153,0.332620,1.200843,1.102683,0.321976
4,424,0.811813,0.00004999,0.246088,0.313472,0.561021,0.418135,0.131415
4,425,0.944199,0.00004999,0.246289,0.315923,0.653354,0.530239,0.141356
4,426,0.907842,0.00004999,0.246485,0.314977,0.627463,0.497985,0.147532
4,427,1.094897,0.00004999,0.209313,0.287203,0.858322,0.671732,0.185514
4,428,1.094052,0.00004999,0.227552,0.291940,0.794050,0.660948,0.214299
4,429,0.887159,0.00004999,0.308101,0.366015,0.570746,0.426869,0.131589
4,430,0.723274,0.00004999,0.273204,0.340259,0.518273,0.311799,0.117353
4,431,0.913535,0.00004999,0.237438,0.293685,0.640518,0.507348,0.173077
4,432,1.240447,0.00004999,0.261865,0.318013,0.877451,0.760081,0.180736
4,433,1.010849,0.00004999,0.257568,0.331337,0.716414,0.563501,0.199533
4,434,0.599581,0.00004999,0.226881,0.280625,0.403095,0.263226,0.098820
4,435,0.956658,0.00004999,0.196470,0.257024,0.703723,0.578879,0.184756
4,436,0.836825,0.00004999,0.214118,0.277882,0.590423,0.466010,0.164792
4,437,0.933658,0.00004999,0.224228,0.288509,0.674932,0.528074,0.212966
4,438,1.021938,0.00004999,0.255806,0.317064,0.728235,0.575903,0.191529
4,439,0.622205,0.00004999,0.276963,0.332587,0.389028,0.238844,0.079756
4,440,1.575094,0.00004999,0.229810,0.310892,1.170690,1.040173,0.369517
4,441,1.025001,0.00004999,0.229725,0.289788,0.739379,0.604200,0.191406
4,442,0.669684,0.00004999,0.236306,0.292351,0.463097,0.309177,0.113095
4,443,0.713714,0.00004999,0.240405,0.291135,0.468422,0.347365,0.118018
4,444,1.027417,0.00004999,0.260115,0.332499,0.700188,0.582326,0.188756
4,445,0.715649,0.00004999,0.247310,0.317762,0.495049,0.331179,0.148410
4,446,0.995558,0.00004999,0.245685,0.309493,0.670805,0.567336,0.219345
4,447,1.119145,0.00004999,0.222847,0.281157,0.800724,0.688707,0.222589
4,448,0.963464,0.00004999,0.250184,0.310951,0.679324,0.535561,0.175380
4,449,1.019759,0.00004999,0.265850,0.319693,0.697187,0.568005,0.203208
4,450,0.677085,0.00004999,0.269174,0.312800,0.423280,0.293324,0.095274
4,451,0.684494,0.00004999,0.241722,0.307505,0.468652,0.317550,0.107445
4,452,0.617205,0.00004999,0.238530,0.293689,0.417861,0.266792,0.090844
4,453,1.127053,0.00004999,0.230458,0.295851,0.826618,0.689438,0.180275
4,454,0.684945,0.00004999,0.258266,0.315050,0.466440,0.301106,0.110214
4,455,1.195480,0.00004999,0.229248,0.287125,0.844316,0.736196,0.312108
4,456,0.604559,0.00004999,0.234277,0.288484,0.421305,0.258757,0.085601
4,457,0.837624,0.00004999,0.242040,0.314626,0.596490,0.433935,0.177464
4,458,0.794274,0.00004999,0.217569,0.292995,0.613846,0.412856,0.176199
4,459,1.291986,0.00004999,0.247934,0.328015,0.971420,0.801759,0.210727
4,460,1.211774,0.00004999,0.252709,0.325526,0.859823,0.731043,0.265206
4,461,0.703120,0.00004999,0.189963,0.265434,0.558668,0.367981,0.134471
4,462,0.925775,0.00004999,0.244597,0.323199,0.676061,0.503551,0.175031
4,463,0.612745,0.00004999,0.236110,0.293017,0.442851,0.260406,0.086720
4,464,0.965958,0.00004999,0.244888,0.325490,0.695527,0.539317,0.175822
4,465,0.700002,0.00004999,0.260794,0.333443,0.487640,0.309755,0.101688
4,466,0.845119,0.00004999,0.224548,0.293498,0.615373,0.456875,0.172979
4,467,0.576199,0.00004999,0.228213,0.289885,0.396563,0.240596,0.090560
4,468,0.975675,0.00004999,0.215879,0.282410,0.695476,0.578703,0.185851
4,469,1.070952,0.00004999,0.219144,0.291284,0.831317,0.641412,0.197123
4,470,0.650967,0.00004999,0.239140,0.289186,0.461009,0.290770,0.095977
4,471,0.645450,0.00004999,0.199538,0.282192,0.515199,0.310336,0.122850
4,472,0.784865,0.00004999,0.251034,0.331722,0.597763,0.376808,0.139229
4,473,0.859495,0.00004999,0.221864,0.300022,0.622920,0.473069,0.166512
4,474,1.210449,0.00004999,0.251846,0.320966,0.865913,0.732364,0.246717
4,475,0.751602,0.00004999,0.248492,0.302554,0.504669,0.369519,0.116862
4,476,0.681972,0.00004999,0.270303,0.326493,0.454357,0.290070,0.096023
4,477,0.593288,0.00004999,0.220711,0.278234,0.424883,0.259018,0.097805
4,478,1.053249,0.00004999,0.226718,0.291216,0.788171,0.625990,0.188978
4,479,0.750309,0.00004999,0.213508,0.281653,0.550139,0.394385,0.122037
4,480,0.618687,0.00004999,0.225017,0.293650,0.451369,0.272850,0.105765
4,481,0.611836,0.00004999,0.221316,0.304503,0.481646,0.263510,0.103030
4,482,1.084477,0.00004999,0.212418,0.287809,0.835726,0.663537,0.179906
4,483,1.078674,0.00004999,0.199866,0.282539,0.818545,0.659382,0.277264
4,484,0.631299,0.00004999,0.255425,0.324947,0.427796,0.258594,0.103157
4,485,0.755767,0.00004999,0.231350,0.305407,0.565257,0.373560,0.150236
4,486,0.644158,0.00004999,0.216976,0.286851,0.466584,0.301266,0.121714
4,487,0.829105,0.00004999,0.304537,0.361505,0.554320,0.376984,0.124298
4,488,0.799807,0.00004999,0.173191,0.249209,0.624185,0.463653,0.171106
4,489,0.762073,0.00004999,0.242892,0.309466,0.565616,0.371762,0.125482
4,490,0.809388,0.00004999,0.235956,0.299421,0.589891,0.418099,0.149223
4,491,0.628878,0.00004999,0.221771,0.275793,0.415459,0.296481,0.091631
4,492,0.661426,0.00004999,0.250273,0.307771,0.461736,0.288496,0.099478
4,493,0.606535,0.00004999,0.246784,0.313165,0.455318,0.239729,0.088664
4,494,0.686340,0.00004999,0.206938,0.272477,0.514779,0.342471,0.135680
4,495,0.533494,0.00004999,0.215344,0.271642,0.356824,0.220803,0.082669
4,496,0.643859,0.00004999,0.225545,0.295076,0.488163,0.288350,0.117184
4,497,0.898512,0.00004999,0.212799,0.276893,0.674913,0.506871,0.200108
4,498,0.717636,0.00004999,0.228312,0.279320,0.509333,0.352892,0.137331
4,499,1.262386,0.00004999,0.220183,0.279970,0.884850,0.804863,0.309144
4,500,0.778522,0.00004999,0.197828,0.278186,0.584211,0.423868,0.173829
4,501,0.672128,0.00004999,0.226618,0.305469,0.502379,0.313171,0.110596
4,502,0.575915,0.00004999,0.219660,0.275810,0.405995,0.244416,0.112327
4,503,0.745372,0.00004999,0.225716,0.297910,0.565915,0.363356,0.188140
4,504,1.311366,0.00004999,0.217358,0.274857,0.991665,0.831480,0.336354
4,505,0.679544,0.00004999,0.242904,0.298897,0.487776,0.305504,0.124247
4,506,0.736057,0.00004999,0.221770,0.293881,0.554395,0.362372,0.175611
4,507,0.610540,0.00004999,0.171737,0.244843,0.497346,0.307217,0.132503
4,508,0.721471,0.00004999,0.234544,0.305252,0.559364,0.340227,0.130434
4,509,0.722087,0.00004999,0.232227,0.300508,0.517066,0.349673,0.144994
4,510,0.605068,0.00004999,0.182367,0.257830,0.522064,0.288602,0.111965
4,511,0.529745,0.00004999,0.165672,0.221299,0.404151,0.255871,0.108710
4,512,0.856978,0.00004999,0.240801,0.304334,0.619803,0.454631,0.149130
4,513,0.832188,0.00004999,0.259650,0.316111,0.590282,0.414786,0.159270
4,514,0.534973,0.00004999,0.198011,0.252512,0.413022,0.228969,0.085084
4,515,1.212592,0.00004999,0.193894,0.279194,0.930095,0.776514,0.281362
4,516,0.516798,0.00004999,0.203572,0.270511,0.385454,0.209613,0.086644
5,517,0.739490,0.00004998,0.216708,0.299117,0.579891,0.369940,0.146052
5,518,0.967914,0.00004998,0.249760,0.309103,0.722502,0.532243,0.173033
5,519,0.643341,0.00004998,0.249412,0.322358,0.469494,0.267138,0.111831
5,520,0.862349,0.00004998,0.174202,0.233001,0.626469,0.512861,0.255612
5,521,0.780271,0.00004998,0.196396,0.251309,0.587636,0.429960,0.158817
5,522,0.688807,0.00004998,0.206876,0.256361,0.510393,0.345219,0.145439
5,523,0.552584,0.00004998,0.236294,0.290060,0.411214,0.207266,0.081854
5,524,0.701239,0.00004998,0.191897,0.253247,0.523702,0.370924,0.140098
5,525,0.664875,0.00004998,0.218879,0.291082,0.525811,0.305878,0.136010
5,526,0.561090,0.00004998,0.255593,0.314705,0.421116,0.193590,0.079659
5,527,0.708255,0.00004998,0.224724,0.287517,0.515548,0.341966,0.160530
5,528,0.859470,0.00004998,0.200274,0.260398,0.632802,0.491830,0.185233
5,529,0.597816,0.00004998,0.259161,0.290865,0.366427,0.235590,0.101576
5,530,1.579615,0.00004998,0.178595,0.239789,1.185994,1.066483,0.568993
5,531,0.593304,0.00004998,0.195838,0.254312,0.452364,0.273334,0.139619
5,532,0.925510,0.00004998,0.247110,0.315579,0.684560,0.493763,0.212973
5,533,0.574731,0.00004998,0.240149,0.293040,0.426686,0.220045,0.096986
5,534,0.891622,0.00004998,0.236471,0.286771,0.603389,0.481591,0.256960
5,535,0.958198,0.00004998,0.220815,0.282018,0.711570,0.539043,0.279498
5,536,0.668625,0.00004998,0.280806,0.321322,0.440726,0.264086,0.130151
5,537,0.686691,0.00004998,0.214594,0.258917,0.479374,0.341817,0.143057
5,538,0.807574,0.00004998,0.189411,0.249726,0.635756,0.447328,0.207981
5,539,0.601351,0.00004998,0.258574,0.306910,0.439512,0.224010,0.103454
5,540,1.135303,0.00004998,0.229636,0.293610,0.796257,0.674081,0.384358
5,541,0.558427,0.00004998,0.242858,0.295083,0.376021,0.213495,0.080770
5,542,0.886695,0.00004998,0.211475,0.289966,0.698797,0.490718,0.201634
5,543,0.704559,0.00004998,0.232402,0.268908,0.473608,0.343705,0.135230
5,544,0.631289,0.00004998,0.211249,0.248227,0.456647,0.297904,0.122630
5,545,0.536986,0.00004998,0.195861,0.239265,0.409291,0.233069,0.094896
5,546,0.571858,0.00004998,0.213536,0.277414,0.455208,0.239667,0.091616
5,547,0.621259,0.00004998,0.260285,0.307454,0.424990,0.245445,0.101053
5,548,0.538779,0.00004998,0.183700,0.232518,0.402761,0.246838,0.107078
5,549,0.802775,0.00004998,0.193818,0.256382,0.591462,0.456438,0.142718
5,550,0.717446,0.00004998,0.230423,0.276030,0.493153,0.354011,0.137194
5,551,0.991372,0.00004998,0.202077,0.254718,0.777262,0.587712,0.222631
5,552,0.556282,0.00004998,0.237910,0.282404,0.396835,0.210950,0.092898
5,553,0.521807,0.00004998,0.250045,0.300607,0.361490,0.173562,0.072475
5,554,0.896003,0.00004998,0.205356,0.283279,0.678991,0.508595,0.213932
5,555,1.022373,0.00004998,0.232662,0.298295,0.740508,0.592885,0.225401
5,556,1.299176,0.00004998,0.209288,0.274568,0.990205,0.828112,0.333383
5,557,0.675230,0.00004998,0.201470,0.268462,0.491082,0.336728,0.169280
5,558,0.807345,0.00004998,0.236425,0.314708,0.609753,0.408687,0.163644
5,559,0.752268,0.00004998,0.220440,0.296626,0.561085,0.377818,0.179746
5,560,0.994732,0.00004998,0.248686,0.320438,0.728323,0.541428,0.286213
5,561,0.657337,0.00004998,0.205355,0.269038,0.485946,0.321685,0.131042
5,562,0.890456,0.00004998,0.168155,0.231548,0.687624,0.546869,0.175534
5,563,0.668285,0.00004998,0.230063,0.293408,0.508141,0.301830,0.133955
5,564,0.476580,0.00004998,0.197203,0.243422,0.374319,0.180912,0.076192
5,565,0.627837,0.00004998,0.232684,0.292171,0.479226,0.267372,0.115509
5,566,0.828396,0.00004998,0.236920,0.299896,0.606057,0.435296,0.133159
5,567,1.059122,0.00004998,0.231557,0.288346,0.807546,0.620898,0.204933
5,568,0.605896,0.00004998,0.215456,0.271790,0.457128,0.269894,0.103543
5,569,0.540577,0.00004998,0.205678,0.259133,0.413211,0.225653,0.090982
5,570,1.001513,0.00004998,0.231027,0.287456,0.715504,0.585582,0.182873
5,571,0.975898,0.00004998,0.223233,0.285055,0.728279,0.555521,0.248237
5,572,0.926628,0.00004998,0.252148,0.315206,0.671206,0.482125,0.282355
5,573,0.785990,0.00004998,0.167029,0.223734,0.585895,0.459739,0.205714
5,574,0.526807,0.00004998,0.207551,0.257764,0.389358,0.214799,0.091309
5,575,0.795798,0.00004998,0.213366,0.268302,0.585928,0.418777,0.220361
5,576,0.705973,0.00004998,0.263930,0.294010,0.483496,0.309572,0.140478
5,577,0.688721,0.00004998,0.213227,0.262981,0.497502,0.339244,0.157342
5,578,1.451657,0.00004998,0.231194,0.277221,1.039040,0.944809,0.359903
5,579,0.615365,0.00004998,0.230255,0.275874,0.417032,0.271202,0.111385
5,580,1.080702,0.00004998,0.244564,0.315594,0.768544,0.618678,0.319809
5,581,0.968984,0.00004998,0.220374,0.284659,0.728458,0.558488,0.201316
5,582,1.062956,0.00004998,0.211571,0.268291,0.797476,0.639464,0.260076
5,583,0.836723,0.00004998,0.246571,0.311683,0.612821,0.417086,0.232787
5,584,0.521839,0.00004998,0.184042,0.239750,0.390453,0.229604,0.120768
5,585,0.950307,0.00004998,0.219422,0.263060,0.732414,0.547970,0.155193
5,586,0.582869,0.00004998,0.235866,0.282959,0.451547,0.225242,0.115354
5,587,1.223125,0.00004998,0.224386,0.281320,0.882566,0.730403,0.518372
5,588,0.734634,0.00004998,0.248828,0.309213,0.528499,0.332413,0.214886
5,589,0.619917,0.00004998,0.213777,0.261382,0.455544,0.279629,0.148882
5,590,0.978160,0.00004998,0.175802,0.242504,0.763656,0.599952,0.250331
5,591,1.001099,0.00004998,0.202579,0.263723,0.787583,0.592547,0.235131
5,592,1.099996,0.00004998,0.209230,0.280605,0.814379,0.655417,0.389617
5,593,0.741871,0.00004998,0.225752,0.288193,0.533927,0.361788,0.220909
5,594,0.851747,0.00004998,0.191653,0.259910,0.680612,0.477609,0.222447
5,595,0.831971,0.00004998,0.205485,0.249962,0.594545,0.470791,0.161921
5,596,0.913065,0.00004998,0.227509,0.287622,0.667842,0.501917,0.237934
5,597,0.674432,0.00004998,0.194571,0.248593,0.516319,0.341150,0.153446
5,598,0.573083,0.00004998,0.180161,0.241756,0.472532,0.269833,0.109963
5,599,0.600493,0.00004998,0.202961,0.263752,0.472020,0.271862,0.120522
5,600,0.670253,0.00004998,0.250762,0.297762,0.490911,0.287867,0.123691
5,601,0.674852,0.00004998,0.232359,0.279318,0.479869,0.311558,0.139970
5,602,0.526733,0.00004998,0.237696,0.284354,0.377567,0.187676,0.077533
5,603,0.995180,0.00004998,0.199759,0.250044,0.763961,0.591198,0.259524
5,604,1.036805,0.00004998,0.233001,0.281293,0.786111,0.597945,0.230485
5,605,0.493092,0.00004998,0.219609,0.250249,0.343834,0.181748,0.069710
5,606,0.991966,0.00004998,0.162299,0.221997,0.790358,0.619505,0.273271
5,607,0.652650,0.00004998,0.206149,0.265804,0.516221,0.309462,0.136691
5,608,0.908419,0.00004998,0.206073,0.263068,0.663798,0.521315,0.234123
5,609,0.819460,0.00004998,0.212723,0.259827,0.613275,0.443523,0.183789
5,610,0.679265,0.00004998,0.216677,0.266097,0.478470,0.333041,0.136986
5,611,0.578081,0.00004998,0.203402,0.258801,0.452348,0.254057,0.114751
5,612,0.997802,0.00004998,0.228309,0.282864,0.743741,0.569840,0.245076
5,613,0.528244,0.00004998,0.201603,0.244877,0.406517,0.218515,0.097197
5,614,0.625853,0.00004998,0.189925,0.236285,0.482406,0.308700,0.126215
5,615,1.067472,0.00004998,0.227884,0.267387,0.838969,0.633612,0.165415
5,616,0.697028,0.00004998,0.204361,0.257670,0.560514,0.342006,0.171163
5,617,0.794645,0.00004998,0.226437,0.279666,0.586323,0.417871,0.127259
5,618,0.586006,0.00004998,0.215524,0.267881,0.457617,0.248907,0.111056
5,619,0.788051,0.00004998,0.192563,0.248124,0.607012,0.437187,0.163283
5,620,0.955291,0.00004998,0.178809,0.238988,0.736850,0.583102,0.227070
5,621,0.485433,0.00004998,0.216009,0.256400,0.364826,0.172398,0.074933
5,622,0.799566,0.00004998,0.202893,0.267099,0.651392,0.427771,0.168457
5,623,0.734057,0.00004998,0.222612,0.274723,0.556643,0.365029,0.142343
5,624,1.026797,0.00004998,0.220653,0.276643,0.801247,0.592296,0.265111
5,625,0.663506,0.00004998,0.230512,0.279919,0.513445,0.297668,0.124273
5,626,1.388507,0.00004998,0.189802,0.242699,1.062727,0.927528,0.309976
5,627,0.787132,0.00004998,0.174974,0.222535,0.604120,0.455896,0.162071
5,628,1.104712,0.00004998,0.161858,0.199935,0.864948,0.721354,0.256760
5,629,0.496005,0.00004998,0.195333,0.225286,0.347958,0.205722,0.093955
5,630,0.482350,0.00004998,0.215368,0.248295,0.370375,0.169123,0.075796
5,631,1.058688,0.00004998,0.208311,0.275589,0.867944,0.627851,0.234383
5,632,1.689245,0.00004998,0.210023,0.295924,1.253157,1.115063,0.658212
5,633,0.767857,0.00004998,0.229120,0.289203,0.528338,0.390134,0.189835
5,634,1.055152,0.00004998,0.323260,0.374946,0.665804,0.554015,0.173132
5,635,0.750867,0.00004998,0.258570,0.315248,0.495970,0.353400,0.159602
5,636,0.657249,0.00004998,0.243431,0.290903,0.439343,0.291022,0.135885
5,637,0.878678,0.00004998,0.246181,0.292082,0.603172,0.462517,0.231608
5,638,0.600029,0.00004998,0.245652,0.287700,0.447748,0.234787,0.104362
5,639,1.620456,0.00004998,0.177189,0.243871,1.255755,1.114446,0.436512
5,640,0.704055,0.00004998,0.212448,0.248533,0.519988,0.353021,0.147752
5,641,0.559337,0.00004998,0.231122,0.257633,0.401187,0.219573,0.103492
5,642,0.719108,0.00004998,0.199232,0.242026,0.542386,0.373161,0.174236
5,643,0.578282,0.00004998,0.216180,0.254505,0.428087,0.249867,0.092612
5,644,0.687987,0.00004998,0.249806,0.297677,0.504985,0.306244,0.107043
5,645,1.070172,0.00004998,0.188241,0.243496,0.807547,0.674415,0.225543
6,646,0.521408,0.00004997,0.204905,0.250507,0.405771,0.210540,0.081891
6,647,0.556183,0.00004997,0.224960,0.260830,0.417637,0.222287,0.082451
6,648,0.751769,0.00004997,0.179365,0.225218,0.575017,0.425459,0.137878
6,649,0.603735,0.00004997,0.236493,0.294396,0.440440,0.247831,0.110693
6,650,0.564454,0.00004997,0.241977,0.285398,0.429565,0.209294,0.086668
6,651,0.981062,0.00004997,0.207352,0.270605,0.790479,0.567475,0.230733
6,652,0.574349,0.00004997,0.199254,0.241252,0.428710,0.259208,0.120548
6,653,0.820529,0.00004997,0.214811,0.250097,0.597062,0.443291,0.203397
6,654,0.604380,0.00004997,0.202945,0.241537,0.474580,0.277142,0.115332
6,655,0.649875,0.00004997,0.162316,0.219482,0.555057,0.344452,0.140807
6,656,0.677078,0.00004997,0.189975,0.255447,0.551977,0.340354,0.157207
6,657,0.818532,0.00004997,0.202138,0.265789,0.598206,0.457876,0.170585
6,658,0.881337,0.00004997,0.189330,0.265307,0.694531,0.507915,0.212806
6,659,0.592252,0.00004997,0.181524,0.246372,0.510240,0.277375,0.126578
6,660,0.580609,0.00004997,0.223617,0.277925,0.476122,0.232792,0.100529
6,661,0.603806,0.00004997,0.225941,0.272467,0.464818,0.255366,0.106077
6,662,0.786824,0.00004997,0.241420,0.263614,0.547516,0.404857,0.119088
6,663,0.549009,0.00004997,0.211925,0.246186,0.413064,0.228281,0.092544
6,664,0.545965,0.00004997,0.162838,0.223514,0.487227,0.258488,0.106783
6,665,0.505276,0.00004997,0.240294,0.277200,0.370842,0.165496,0.076387
6,666,0.533102,0.00004997,0.211568,0.260350,0.422523,0.208767,0.101629
6,667,0.542664,0.00004997,0.193161,0.242638,0.406182,0.240835,0.101992
6,668,0.607051,0.00004997,0.157674,0.201933,0.465958,0.323649,0.149601
6,669,0.671937,0.00004997,0.224195,0.272775,0.500614,0.313230,0.138335
6,670,0.579323,0.00004997,0.177545,0.230222,0.477746,0.278499,0.108129
6,671,0.930772,0.00004997,0.182301,0.245701,0.746175,0.552267,0.231223
6,672,0.512600,0.00004997,0.221351,0.271316,0.384422,0.188508,0.081939
6,673,0.599497,0.00004997,0.190922,0.233126,0.459653,0.287988,0.113327
6,674,0.608500,0.00004997,0.196228,0.253657,0.484518,0.285143,0.116946
6,675,0.528112,0.00004997,0.188800,0.232277,0.452365,0.222941,0.095235
6,676,1.126756,0.00004997,0.204675,0.252366,0.880295,0.703390,0.200087
6,677,0.961126,0.00004997,0.204323,0.258273,0.717765,0.568260,0.213841
6,678,0.531120,0.00004997,0.225126,0.271560,0.421532,0.194446,0.091087
6,679,0.479466,0.00004997,0.190674,0.235792,0.356814,0.193176,0.083089
6,680,0.567254,0.00004997,0.226378,0.272473,0.448677,0.222449,0.100448
6,681,0.700254,0.00004997,0.182750,0.231485,0.547559,0.376135,0.135217
6,682,0.712318,0.00004997,0.195526,0.252972,0.583526,0.364609,0.152197
6,683,0.528430,0.00004997,0.216053,0.253568,0.415203,0.203208,0.089666
6,684,0.523184,0.00004997,0.183686,0.229509,0.440994,0.223702,0.107475
6,685,0.695139,0.00004997,0.221323,0.278526,0.551827,0.327910,0.144098
6,686,0.872044,0.00004997,0.201343,0.260874,0.672147,0.497037,0.174610
6,687,0.669892,0.00004997,0.190169,0.249926,0.561978,0.331317,0.156755
6,688,0.636107,0.00004997,0.233077,0.283933,0.488161,0.272663,0.123589
6,689,0.552057,0.00004997,0.213202,0.266237,0.441451,0.220994,0.108394
6,690,1.348587,0.00004997,0.209400,0.260279,1.070887,0.857092,0.366025
6,691,0.560927,0.00004997,0.193581,0.233824,0.450755,0.248944,0.110394
6,692,0.648937,0.00004997,0.196957,0.251086,0.517508,0.317280,0.124287
6,693,0.849007,0.00004997,0.169495,0.220325,0.666178,0.502294,0.219768
6,694,0.657549,0.00004997,0.219076,0.274898,0.513855,0.300671,0.141909
6,695,0.633351,0.00004997,0.189040,0.235003,0.506304,0.312930,0.122467
6,696,0.699243,0.00004997,0.188480,0.229736,0.512236,0.368145,0.191231
6,697,0.497761,0.00004997,0.224273,0.261933,0.398657,0.168102,0.083721
6,698,0.619912,0.00004997,0.213338,0.268287,0.497855,0.275520,0.120464
6,699,0.823254,0.00004997,0.202393,0.262290,0.673994,0.446782,0.174432
6,700,0.676471,0.00004997,0.197774,0.260307,0.545351,0.337104,0.130045
6,701,0.575025,0.00004997,0.154261,0.211774,0.477103,0.298106,0.110993
6,702,0.746023,0.00004997,0.174824,0.235857,0.621761,0.411944,0.154070
6,703,1.036256,0.00004997,0.158227,0.214813,0.843720,0.665489,0.220362
6,704,0.713646,0.00004997,0.193962,0.248335,0.588897,0.368214,0.141831
6,705,0.504168,0.00004997,0.168451,0.217868,0.415394,0.226301,0.102953
6,706,0.696497,0.00004997,0.180012,0.228348,0.573104,0.364590,0.172378
6,707,0.674096,0.00004997,0.175248,0.240189,0.554305,0.352007,0.159804
6,708,0.720948,0.00004997,0.177011,0.231490,0.579304,0.390018,0.176563
6,709,0.657817,0.00004997,0.175387,0.237724,0.546505,0.339390,0.145688
6,710,0.475973,0.00004997,0.183369,0.228212,0.381896,0.193236,0.077192
6,711,0.632051,0.00004997,0.184419,0.243690,0.513730,0.314515,0.121247
6,712,0.633492,0.00004997,0.182951,0.232326,0.522717,0.314514,0.132447
6,713,0.545287,0.00004997,0.180198,0.224671,0.435732,0.250271,0.109586
6,714,0.957489,0.00004997,0.195737,0.246039,0.752964,0.567758,0.207333
6,715,0.606544,0.00004997,0.185645,0.233636,0.470568,0.294095,0.140051
6,716,0.698419,0.00004997,0.171669,0.241963,0.586977,0.373863,0.155953
6,717,0.554650,0.00004997,0.223599,0.283902,0.489905,0.204022,0.099021
6,718,0.546909,0.00004997,0.209036,0.254326,0.417317,0.226823,0.099128
6,719,0.550269,0.00004997,0.189309,0.239072,0.436767,0.245436,0.108110
6,720,0.516990,0.00004997,0.209601,0.253133,0.398615,0.201273,0.091576
6,721,0.862162,0.00004997,0.172418,0.238945,0.712327,0.502753,0.217192
6,722,0.633678,0.00004997,0.224562,0.275241,0.458306,0.285413,0.121866
6,723,0.801244,0.00004997,0.200936,0.239814,0.603403,0.442380,0.168382
6,724,0.567456,0.00004997,0.181278,0.238961,0.479382,0.262304,0.107000
6,725,0.562354,0.00004997,0.174858,0.212550,0.422042,0.275932,0.110182
6,726,0.559286,0.00004997,0.224359,0.264663,0.446091,0.218350,0.094172
6,727,0.532944,0.00004997,0.200439,0.257814,0.428278,0.217789,0.107801
6,728,0.644079,0.00004997,0.236357,0.277248,0.463449,0.284302,0.112457
6,729,0.497656,0.00004997,0.203088,0.250961,0.399366,0.187203,0.099623
6,730,0.503274,0.00004997,0.215341,0.251843,0.396158,0.181888,0.094804
6,731,0.615743,0.00004997,0.185367,0.229916,0.466087,0.306589,0.127160
6,732,0.545512,0.00004997,0.223652,0.259037,0.414809,0.208735,0.114737
6,733,0.639735,0.00004997,0.192121,0.237470,0.495805,0.306220,0.202400
6,734,0.827182,0.00004997,0.179188,0.229710,0.627736,0.474972,0.239934
6,735,0.849574,0.00004997,0.210515,0.259308,0.632364,0.467808,0.212086
6,736,0.710407,0.00004997,0.215106,0.274493,0.541081,0.345703,0.184382
6,737,0.741218,0.00004997,0.218942,0.268181,0.551997,0.375984,0.149883
6,738,0.698286,0.00004997,0.216380,0.262460,0.531561,0.339215,0.155039
6,739,0.935669,0.00004997,0.153114,0.220968,0.767515,0.576810,0.274624
6,740,0.476260,0.00004997,0.214054,0.245158,0.366721,0.165610,0.073290
6,741,0.896277,0.00004997,0.209771,0.246593,0.685265,0.499763,0.249072
6,742,0.512197,0.00004997,0.201612,0.234202,0.403478,0.203140,0.100265
6,743,0.425726,0.00004997,0.202989,0.226461,0.295488,0.143275,0.060275
6,744,0.492147,0.00004997,0.218709,0.252961,0.372803,0.172535,0.091295
6,745,0.523779,0.00004997,0.209426,0.255100,0.410283,0.202493,0.113653
6,746,0.900331,0.00004997,0.164106,0.220902,0.709422,0.547700,0.237300
6,747,0.539672,0.00004997,0.177330,0.209274,0.432583,0.246327,0.126897
6,748,0.856481,0.00004997,0.228549,0.263747,0.641430,0.448217,0.254948
6,749,0.634047,0.00004997,0.210985,0.250740,0.491782,0.289728,0.149607
6,750,0.441564,0.00004997,0.200378,0.230748,0.333022,0.151129,0.079438
6,751,0.819417,0.00004997,0.191676,0.237437,0.624466,0.449673,0.275350
6,752,0.578362,0.00004997,0.229533,0.268452,0.452339,0.227158,0.118538
6,753,0.496289,0.00004997,0.171602,0.214488,0.406978,0.214734,0.118890
6,754,0.650918,0.00004997,0.194476,0.235752,0.548695,0.313996,0.139462
6,755,1.005411,0.00004997,0.165469,0.216161,0.793441,0.625203,0.301620
6,756,0.559259,0.00004997,0.185617,0.221678,0.410049,0.261267,0.128542
6,757,0.528932,0.00004997,0.157302,0.200807,0.430463,0.258696,0.111999
6,758,0.524810,0.00004997,0.200214,0.252614,0.449125,0.205554,0.110571
6,759,0.442352,0.00004997,0.219874,0.239992,0.309889,0.138408,0.067282
6,760,0.573227,0.00004997,0.198775,0.247316,0.475326,0.246677,0.135633
6,761,0.461422,0.00004997,0.207555,0.240566,0.366783,0.157267,0.074767
6,762,0.494041,0.00004997,0.215239,0.250675,0.398669,0.173336,0.087990
6,763,0.599261,0.00004997,0.175301,0.225386,0.503242,0.292156,0.132572
6,764,0.478423,0.00004997,0.153604,0.202858,0.437678,0.212533,0.097384
6,765,0.526323,0.00004997,0.180100,0.217829,0.437761,0.231710,0.107131
6,766,0.512957,0.00004997,0.197832,0.236160,0.408329,0.206406,0.101632
6,767,0.815753,0.00004997,0.192038,0.241521,0.645374,0.452670,0.199291
6,768,0.489875,0.00004997,0.189120,0.236704,0.398978,0.195530,0.090634
6,769,0.528656,0.00004997,0.190565,0.236734,0.449873,0.220662,0.104111
6,770,0.503775,0.00004997,0.222148,0.244666,0.382578,0.181934,0.072961
6,771,0.482495,0.00004997,0.182846,0.228636,0.411814,0.190926,0.099526
6,772,0.489090,0.00004997,0.215558,0.250370,0.392241,0.170186,0.082525
6,773,1.029128,0.00004997,0.166138,0.225428,0.872293,0.644200,0.220397
6,774,0.489964,0.00004997,0.179866,0.223638,0.399765,0.204773,0.094600
