Epoch,Step,Loss,LR,LossUnknown,LossKnown,LossBoundary,LossCoarse,LossGrad
1,1,0.531150,0.00020000,0.206537,0.287658,0.278643,0.172046,0.000000
1,2,1.093291,0.00020000,0.324555,1.090528,0.627929,0.317551,0.000000
1,3,1.293324,0.00020000,0.407252,1.013947,0.747550,0.371271,0.000000
1,4,1.193414,0.00020000,0.520600,1.032489,0.521003,0.485623,0.000000
1,5,0.607486,0.00020000,0.218213,0.185928,0.350076,0.206043,0.000000
1,6,0.376216,0.00020000,0.165790,0.300961,0.164726,0.156035,0.000000
1,7,0.213961,0.00020000,0.107869,0.193445,0.079204,0.075440,0.000000
1,8,0.300187,0.00020000,0.109595,0.271709,0.156656,0.067645,0.000000
1,9,0.340901,0.00020000,0.159825,0.196926,0.152218,0.091649,0.000000
1,10,0.313123,0.00020000,0.128729,0.214818,0.154531,0.083815,0.000000
1,11,0.320799,0.00020000,0.139369,0.125230,0.155901,0.130064,0.000000
1,12,0.266333,0.00020000,0.103920,0.159035,0.137370,0.091393,0.000000
1,13,0.296677,0.00020000,0.110468,0.194782,0.160832,0.058993,0.000000
1,14,0.204313,0.00020000,0.110931,0.092400,0.080325,0.038171,0.000000
1,15,0.230816,0.00020000,0.101223,0.098392,0.115560,0.041934,0.000000
1,16,0.169402,0.00020000,0.079960,0.073977,0.077032,0.050117,0.000000
1,17,0.212469,0.00020000,0.092836,0.077106,0.106831,0.050911,0.000000
1,18,0.157907,0.00020000,0.070200,0.123681,0.072454,0.028848,0.000000
1,19,0.168719,0.00020000,0.083413,0.076711,0.074861,0.027739,0.000000
1,20,0.139200,0.00020000,0.067298,0.061231,0.061020,0.047599,0.000000
1,21,0.118100,0.00020000,0.053420,0.067241,0.055617,0.023387,0.000000
1,22,0.159072,0.00020000,0.078467,0.094294,0.067000,0.041764,0.000000
1,23,0.138339,0.00020000,0.080127,0.054948,0.048069,0.046488,0.000000
1,24,0.140268,0.00020000,0.081347,0.047714,0.051044,0.031054,0.000000
1,25,0.183030,0.00020000,0.101770,0.065933,0.070816,0.038505,0.000000
1,26,0.167262,0.00020000,0.070540,0.079926,0.084918,0.038104,0.000000
1,27,0.123525,0.00020000,0.066290,0.065208,0.047785,0.029283,0.000000
1,28,0.129824,0.00020000,0.076849,0.037181,0.048108,0.011491,0.000000
1,29,0.112619,0.00020000,0.053480,0.055660,0.050814,0.027597,0.000000
1,30,0.169796,0.00020000,0.078886,0.092063,0.079392,0.023122,0.000000
1,31,0.125453,0.00020000,0.060421,0.055663,0.058230,0.012354,0.000000
1,32,0.110978,0.00020000,0.061387,0.055492,0.041948,0.020931,0.000000
1,33,0.143730,0.00020000,0.089388,0.058313,0.046714,0.017966,0.000000
1,34,0.166798,0.00020000,0.086638,0.079670,0.068680,0.035131,0.000000
1,35,0.143758,0.00020000,0.086669,0.066082,0.049003,0.014784,0.000000
1,36,0.139524,0.00020000,0.072588,0.073777,0.056603,0.029558,0.000000
1,37,0.111467,0.00020000,0.053038,0.048564,0.051388,0.021853,0.000000
1,38,0.114235,0.00020000,0.063355,0.037039,0.044764,0.024119,0.000000
1,39,0.142980,0.00020000,0.086330,0.060697,0.049151,0.014296,0.000000
1,40,0.174612,0.00020000,0.110519,0.051398,0.055999,0.029539,0.000000
1,41,0.162024,0.00020000,0.088005,0.061780,0.064459,0.033822,0.000000
1,42,0.112976,0.00020000,0.061301,0.048689,0.045460,0.013457,0.000000
1,43,0.153995,0.00020000,0.086756,0.048526,0.059695,0.026913,0.000000
1,44,0.152860,0.00020000,0.094267,0.046623,0.051602,0.023286,0.000000
1,45,0.184630,0.00020000,0.102962,0.052512,0.072913,0.035038,0.000000
1,46,0.156616,0.00020000,0.107633,0.038183,0.040513,0.046513,0.000000
1,47,0.121355,0.00020000,0.066397,0.041849,0.045094,0.056781,0.000000
1,48,0.145218,0.00020000,0.092800,0.041340,0.045387,0.028973,0.000000
1,49,0.118133,0.00020000,0.066234,0.037207,0.044814,0.033643,0.000000
1,50,0.152259,0.00020000,0.092748,0.049335,0.052349,0.022277,0.000000
1,51,0.173269,0.00020000,0.109855,0.044900,0.054622,0.043020,0.000000
1,52,0.152301,0.00020000,0.093002,0.039450,0.052912,0.024423,0.000000
1,53,0.125151,0.00020000,0.069816,0.048378,0.047504,0.029934,0.000000
1,54,0.129462,0.00020000,0.080194,0.045712,0.040884,0.038132,0.000000
1,55,0.108064,0.00020000,0.060665,0.035492,0.042340,0.015096,0.000000
1,56,0.105081,0.00020000,0.063439,0.031246,0.036580,0.019384,0.000000
1,57,0.098195,0.00020000,0.051541,0.045697,0.040455,0.016297,0.000000
1,58,0.110220,0.00020000,0.066278,0.031055,0.039060,0.017765,0.000000
1,59,0.126773,0.00020000,0.080892,0.035291,0.041154,0.011982,0.000000
1,60,0.139940,0.00020000,0.085406,0.039006,0.048057,0.025768,0.000000
1,61,0.112225,0.00020000,0.062744,0.037965,0.042915,0.027693,0.000000
1,62,0.112586,0.00020000,0.060887,0.037847,0.044673,0.032407,0.000000
1,63,0.126439,0.00020000,0.067474,0.038575,0.053494,0.016132,0.000000
1,64,0.118152,0.00020000,0.069749,0.036849,0.042557,0.021608,0.000000
1,65,0.110193,0.00020000,0.069858,0.037825,0.034188,0.023639,0.000000
1,66,0.128513,0.00020000,0.082227,0.027905,0.040496,0.030000,0.000000
1,67,0.136198,0.00020000,0.082608,0.043205,0.047427,0.018423,0.000000
1,68,0.157562,0.00020000,0.105507,0.037796,0.046922,0.013540,0.000000
1,69,0.122341,0.00020000,0.079154,0.031670,0.038379,0.016405,0.000000
1,70,0.096607,0.00020000,0.060924,0.029351,0.030783,0.019646,0.000000
1,71,0.091855,0.00020000,0.054269,0.031004,0.032689,0.017970,0.000000
1,72,0.118428,0.00020000,0.076241,0.042653,0.035573,0.023488,0.000000
1,73,0.164571,0.00020000,0.110957,0.041731,0.047710,0.017309,0.000000
1,74,0.090261,0.00020000,0.049685,0.037904,0.034654,0.021318,0.000000
1,75,0.174309,0.00020000,0.110383,0.053262,0.055836,0.027639,0.000000
1,76,0.131259,0.00020000,0.084141,0.038865,0.040641,0.025899,0.000000
1,77,0.117987,0.00020000,0.073097,0.028811,0.037966,0.040432,0.000000
1,78,0.116331,0.00020000,0.068341,0.031639,0.042714,0.021121,0.000000
1,79,0.132580,0.00020000,0.077369,0.033328,0.049800,0.020784,0.000000
1,80,0.161446,0.00020000,0.113357,0.038725,0.041396,0.028203,0.000000
1,81,0.165945,0.00020000,0.094212,0.048497,0.064151,0.027327,0.000000
1,82,0.123568,0.00020000,0.070923,0.035011,0.046630,0.025141,0.000000
1,83,0.130125,0.00020000,0.081096,0.039034,0.041668,0.034575,0.000000
1,84,0.121901,0.00020000,0.061773,0.046895,0.052750,0.026890,0.000000
1,85,0.165652,0.00020000,0.091030,0.044674,0.067136,0.030189,0.000000
1,86,0.194696,0.00020000,0.098799,0.052646,0.087661,0.029714,0.000000
1,87,0.135405,0.00020000,0.083011,0.045691,0.045572,0.022531,0.000000
1,88,0.098819,0.00020000,0.056411,0.034868,0.037287,0.016344,0.000000
1,89,0.136072,0.00020000,0.079260,0.042169,0.049610,0.029848,0.000000
1,90,0.112512,0.00020000,0.055532,0.038519,0.050405,0.027236,0.000000
1,91,0.117311,0.00020000,0.064608,0.047824,0.044334,0.035873,0.000000
1,92,0.179167,0.00020000,0.130327,0.037289,0.042572,0.025392,0.000000
1,93,0.122030,0.00020000,0.074474,0.048757,0.040578,0.021025,0.000000
1,94,0.131588,0.00020000,0.092646,0.031031,0.032799,0.030398,0.000000
1,95,0.155609,0.00020000,0.098982,0.037126,0.049707,0.032072,0.000000
1,96,0.105433,0.00020000,0.071440,0.030226,0.027974,0.029975,0.000000
1,97,0.125239,0.00020000,0.077116,0.041906,0.042731,0.012011,0.000000
1,98,0.146510,0.00020000,0.093075,0.035633,0.047352,0.025198,0.000000
1,99,0.124223,0.00020000,0.077958,0.034088,0.041421,0.014346,0.000000
1,100,0.138121,0.00020000,0.076731,0.045985,0.054662,0.021294,0.000000
1,101,0.137622,0.00020000,0.086148,0.054955,0.044198,0.017798,0.000000
1,102,0.142080,0.00020000,0.072391,0.038879,0.063978,0.018230,0.000000
1,103,0.099989,0.00020000,0.067318,0.034040,0.028269,0.009987,0.000000
1,104,0.154162,0.00020000,0.106273,0.029215,0.043783,0.011838,0.000000
1,105,0.122835,0.00020000,0.079599,0.038421,0.038392,0.010022,0.000000
1,106,0.154383,0.00020000,0.114046,0.048918,0.032558,0.028873,0.000000
1,107,0.197649,0.00020000,0.098597,0.064161,0.089243,0.033936,0.000000
1,108,0.139815,0.00020000,0.078377,0.053877,0.053990,0.020603,0.000000
1,109,0.128586,0.00020000,0.075199,0.043603,0.047550,0.014769,0.000000
1,110,0.173287,0.00020000,0.101423,0.065876,0.062755,0.025212,0.000000
1,111,0.120841,0.00020000,0.065923,0.048438,0.048390,0.016840,0.000000
1,112,0.139790,0.00020000,0.073806,0.050790,0.056639,0.042651,0.000000
1,113,0.101552,0.00020000,0.063723,0.041588,0.031108,0.025620,0.000000
1,114,0.111997,0.00020000,0.068369,0.043152,0.036906,0.024069,0.000000
1,115,0.111365,0.00020000,0.060702,0.045553,0.043384,0.027239,0.000000
1,116,0.128317,0.00020000,0.070239,0.039454,0.050906,0.032267,0.000000
1,117,0.119795,0.00020000,0.071086,0.041114,0.040663,0.039348,0.000000
1,118,0.144595,0.00020000,0.091879,0.042887,0.046113,0.023143,0.000000
1,119,0.143674,0.00020000,0.094707,0.032222,0.044352,0.013928,0.000000
1,120,0.181480,0.00020000,0.110812,0.049377,0.063757,0.019731,0.000000
1,121,0.151561,0.00020000,0.097916,0.033291,0.048077,0.022383,0.000000
1,122,0.171900,0.00020000,0.108284,0.052635,0.055505,0.028474,0.000000
1,123,0.119938,0.00020000,0.069526,0.054188,0.041505,0.034870,0.000000
1,124,0.121841,0.00020000,0.065098,0.055487,0.048958,0.022366,0.000000
1,125,0.162027,0.00020000,0.103639,0.044069,0.051832,0.021486,0.000000
1,126,0.088315,0.00020000,0.051245,0.030023,0.031449,0.026188,0.000000
1,127,0.106846,0.00020000,0.066800,0.034714,0.034930,0.016456,0.000000
1,128,0.086346,0.00020000,0.051771,0.030619,0.030416,0.010965,0.000000
1,129,0.112783,0.00020000,0.072887,0.037378,0.033519,0.026384,0.000000
1,130,0.172023,0.00020000,0.099356,0.038118,0.066201,0.026540,0.000000
1,131,0.099435,0.00020000,0.061299,0.029318,0.034230,0.009750,0.000000
1,132,0.115726,0.00020000,0.069196,0.031961,0.040573,0.027613,0.000000
1,133,0.148906,0.00020000,0.107249,0.034420,0.036550,0.016651,0.000000
1,134,0.097193,0.00020000,0.056127,0.027947,0.037193,0.010785,0.000000
1,135,0.123709,0.00020000,0.082434,0.027306,0.036941,0.016031,0.000000
1,136,0.115398,0.00020000,0.074212,0.028631,0.037385,0.009374,0.000000
1,137,0.106861,0.00020000,0.070841,0.030437,0.031573,0.014040,0.000000
1,138,0.117937,0.00020000,0.075987,0.029433,0.037462,0.015456,0.000000
1,139,0.125998,0.00020000,0.083430,0.028763,0.038395,0.012964,0.000000
1,140,0.135714,0.00020000,0.090455,0.041922,0.039062,0.020049,0.000000
1,141,0.104667,0.00020000,0.069807,0.026889,0.029840,0.023305,0.000000
1,142,0.120119,0.00020000,0.081445,0.029119,0.033092,0.026700,0.000000
1,143,0.125524,0.00020000,0.083853,0.031536,0.036703,0.018145,0.000000
1,144,0.110610,0.00020000,0.068657,0.030497,0.036025,0.028785,0.000000
1,145,0.114199,0.00020000,0.067815,0.041248,0.040415,0.018442,0.000000
1,146,0.120895,0.00020000,0.075326,0.045631,0.039894,0.011114,0.000000
1,147,0.102555,0.00020000,0.051451,0.044467,0.045461,0.011973,0.000000
1,148,0.118323,0.00020000,0.081152,0.033223,0.032956,0.008933,0.000000
1,149,0.131427,0.00020000,0.081534,0.032257,0.044596,0.020711,0.000000
1,150,0.129515,0.00020000,0.081746,0.046438,0.041849,0.012763,0.000000
1,151,0.106426,0.00020000,0.062158,0.041448,0.038787,0.013359,0.000000
1,152,0.091939,0.00020000,0.051701,0.039758,0.033082,0.031807,0.000000
1,153,0.102612,0.00020000,0.062924,0.038079,0.034148,0.017323,0.000000
1,154,0.100438,0.00020000,0.060740,0.034927,0.033929,0.022766,0.000000
1,155,0.146081,0.00020000,0.100537,0.035286,0.039360,0.026551,0.000000
1,156,0.125549,0.00020000,0.080741,0.027917,0.038557,0.034583,0.000000
1,157,0.092979,0.00020000,0.055690,0.029574,0.032672,0.016598,0.000000
1,158,0.091760,0.00020000,0.055506,0.029266,0.031547,0.017809,0.000000
1,159,0.093398,0.00020000,0.056380,0.026806,0.031902,0.024353,0.000000
1,160,0.097150,0.00020000,0.058985,0.024257,0.034559,0.011797,0.000000
1,161,0.123019,0.00020000,0.083905,0.026331,0.034272,0.022083,0.000000
1,162,0.085240,0.00020000,0.050195,0.028548,0.030755,0.014343,0.000000
1,163,0.104979,0.00020000,0.064743,0.033844,0.036279,0.005734,0.000000
1,164,0.152086,0.00020000,0.115360,0.026171,0.032752,0.013570,0.000000
1,165,0.135123,0.00020000,0.099748,0.025448,0.031648,0.011827,0.000000
1,166,0.123838,0.00020000,0.075021,0.030002,0.044314,0.015018,0.000000
1,167,0.118039,0.00020000,0.078377,0.036289,0.034727,0.013066,0.000000
1,168,0.118904,0.00020000,0.073052,0.026016,0.040997,0.022538,0.000000
1,169,0.117629,0.00020000,0.076920,0.026971,0.035054,0.029574,0.000000
1,170,0.096519,0.00020000,0.061039,0.027637,0.031029,0.016874,0.000000
1,171,0.088917,0.00020000,0.051504,0.028842,0.032915,0.016148,0.000000
1,172,0.097098,0.00020000,0.054398,0.032473,0.037848,0.016035,0.000000
1,173,0.097854,0.00020000,0.056997,0.035440,0.036335,0.009782,0.000000
1,174,0.113154,0.00020000,0.075275,0.027679,0.033794,0.013175,0.000000
1,175,0.078110,0.00020000,0.048800,0.022679,0.026332,0.007102,0.000000
1,176,0.131856,0.00020000,0.090213,0.027427,0.037478,0.014228,0.000000
1,177,0.094181,0.00020000,0.048825,0.037198,0.040748,0.008883,0.000000
1,178,0.091331,0.00020000,0.054612,0.034579,0.031584,0.016780,0.000000
1,179,0.124461,0.00020000,0.088271,0.026719,0.031840,0.016787,0.000000
1,180,0.109788,0.00020000,0.070532,0.029949,0.035118,0.011438,0.000000
1,181,0.125974,0.00020000,0.087961,0.047711,0.031800,0.014425,0.000000
1,182,0.089016,0.00020000,0.052553,0.032287,0.029766,0.034681,0.000000
1,183,0.153887,0.00020000,0.113658,0.038927,0.034238,0.020981,0.000000
1,184,0.136797,0.00020000,0.086804,0.049468,0.042834,0.022122,0.000000
1,185,0.097591,0.00020000,0.052980,0.076883,0.035464,0.014576,0.000000
1,186,0.107829,0.00020000,0.065640,0.027500,0.037882,0.015570,0.000000
1,187,0.130358,0.00020000,0.083624,0.022903,0.042253,0.021908,0.000000
1,188,0.138134,0.00020000,0.097268,0.026625,0.037348,0.008554,0.000000
1,189,0.116963,0.00020000,0.079132,0.028386,0.033534,0.014582,0.000000
1,190,0.092226,0.00020000,0.051403,0.036896,0.035131,0.020025,0.000000
1,191,0.103770,0.00020000,0.059886,0.029462,0.039366,0.015715,0.000000
1,192,0.144942,0.00020000,0.095560,0.031240,0.045140,0.011183,0.000000
1,193,0.110739,0.00020000,0.071145,0.026391,0.035956,0.009985,0.000000
1,194,0.106718,0.00020000,0.071278,0.025060,0.031817,0.011163,0.000000
1,195,0.123777,0.00020000,0.082770,0.032162,0.036482,0.013084,0.000000
1,196,0.094053,0.00020000,0.059165,0.026976,0.030682,0.015093,0.000000
1,197,0.125545,0.00020000,0.089552,0.026696,0.031588,0.017353,0.000000
1,198,0.121002,0.00020000,0.084525,0.027917,0.032419,0.012650,0.000000
1,199,0.093831,0.00020000,0.053112,0.029256,0.036078,0.017145,0.000000
1,200,0.119166,0.00020000,0.085306,0.027317,0.030006,0.011221,0.000000
2,201,0.092418,0.00019999,0.058881,0.028492,0.028970,0.017180,0.000000
2,202,0.103636,0.00019999,0.066748,0.020050,0.033592,0.012917,0.000000
2,203,0.157206,0.00019999,0.103012,0.027671,0.049326,0.021006,0.000000
2,204,0.115175,0.00019999,0.076933,0.020882,0.034418,0.017358,0.000000
2,205,0.087552,0.00019999,0.060475,0.024038,0.023696,0.009771,0.000000
2,206,0.097844,0.00019999,0.064413,0.025539,0.029723,0.011535,0.000000
2,207,0.105236,0.00019999,0.067891,0.025580,0.034113,0.006750,0.000000
2,208,0.108133,0.00019999,0.072581,0.023286,0.032444,0.007791,0.000000
2,209,0.147731,0.00019999,0.112479,0.020239,0.031680,0.015482,0.000000
2,210,0.102725,0.00019999,0.071279,0.021716,0.027612,0.016616,0.000000
2,211,0.108917,0.00019999,0.073573,0.025811,0.031462,0.013005,0.000000
2,212,0.143016,0.00019999,0.105070,0.024115,0.034481,0.010534,0.000000
2,213,0.092821,0.00019999,0.062134,0.021751,0.027898,0.006138,0.000000
2,214,0.093336,0.00019999,0.065149,0.023919,0.024974,0.008205,0.000000
2,215,0.114355,0.00019999,0.071207,0.027243,0.038019,0.024037,0.000000
2,216,0.084416,0.00019999,0.055235,0.022000,0.025943,0.010381,0.000000
2,217,0.131510,0.00019999,0.088401,0.033769,0.038639,0.010931,0.000000
2,218,0.116965,0.00019999,0.066731,0.043647,0.043903,0.019674,0.000000
2,219,0.102945,0.00019999,0.066498,0.029375,0.032356,0.011540,0.000000
2,220,0.102585,0.00019999,0.072183,0.025802,0.025788,0.020344,0.000000
2,221,0.104414,0.00019999,0.073464,0.022597,0.027074,0.016161,0.000000
2,222,0.098992,0.00019999,0.066578,0.027238,0.028651,0.010392,0.000000
2,223,0.090329,0.00019999,0.056380,0.025069,0.030509,0.009331,0.000000
2,224,0.133828,0.00019999,0.096922,0.023992,0.033356,0.011501,0.000000
2,225,0.110900,0.00019999,0.076556,0.024043,0.030695,0.012448,0.000000
2,226,0.116299,0.00019999,0.073153,0.029217,0.038641,0.015838,0.000000
2,227,0.119328,0.00019999,0.080558,0.027755,0.034483,0.015120,0.000000
2,228,0.141462,0.00019999,0.108571,0.024548,0.028833,0.016038,0.000000
2,229,0.093424,0.00019999,0.058261,0.023332,0.031104,0.017252,0.000000
2,230,0.119191,0.00019999,0.077827,0.041069,0.035915,0.013415,0.000000
2,231,0.128617,0.00019999,0.085704,0.030955,0.038851,0.009667,0.000000
2,232,0.109255,0.00019999,0.067570,0.027847,0.036971,0.019286,0.000000
2,233,0.089736,0.00019999,0.061001,0.024032,0.025546,0.007862,0.000000
2,234,0.111403,0.00019999,0.063129,0.045667,0.042485,0.012217,0.000000
2,235,0.151500,0.00019999,0.088334,0.046200,0.056428,0.021179,0.000000
2,236,0.154390,0.00019999,0.092463,0.046904,0.054277,0.029596,0.000000
2,237,0.118200,0.00019999,0.080521,0.036203,0.032817,0.012418,0.000000
2,238,0.118359,0.00019999,0.078863,0.022628,0.035319,0.019146,0.000000
2,239,0.102754,0.00019999,0.059430,0.028797,0.038202,0.022424,0.000000
2,240,0.118620,0.00019999,0.076479,0.025781,0.038119,0.014426,0.000000
2,241,0.128178,0.00019999,0.086217,0.025231,0.037971,0.014674,0.000000
2,242,0.128728,0.00019999,0.076346,0.037934,0.046582,0.020063,0.000000
2,243,0.095110,0.00019999,0.064501,0.025560,0.027175,0.008778,0.000000
2,244,0.075470,0.00019999,0.045624,0.022367,0.026855,0.007540,0.000000
2,245,0.128949,0.00019999,0.090735,0.023660,0.034313,0.015348,0.000000
2,246,0.097123,0.00019999,0.064899,0.020671,0.028257,0.019011,0.000000
2,247,0.173085,0.00019999,0.138532,0.027362,0.029344,0.024725,0.000000
2,248,0.094061,0.00019999,0.055090,0.023603,0.034092,0.025190,0.000000
2,249,0.120893,0.00019999,0.082485,0.025819,0.034470,0.013567,0.000000
2,250,0.101514,0.00019999,0.069727,0.023320,0.028536,0.009190,0.000000
2,251,0.109983,0.00019999,0.075809,0.023425,0.029881,0.019505,0.000000
2,252,0.099695,0.00019999,0.065572,0.022838,0.029884,0.019554,0.000000
2,253,0.120619,0.00019999,0.079323,0.027115,0.037218,0.013661,0.000000
2,254,0.132550,0.00019999,0.088254,0.021626,0.041029,0.011044,0.000000
2,255,0.111274,0.00019999,0.076137,0.024927,0.031242,0.014028,0.000000
2,256,0.151665,0.00019999,0.107173,0.026640,0.039718,0.021097,0.000000
2,257,0.105829,0.00019999,0.072815,0.020739,0.029970,0.009705,0.000000
2,258,0.092135,0.00019999,0.051689,0.032490,0.035567,0.016302,0.000000
2,259,0.095711,0.00019999,0.053767,0.028177,0.037290,0.018360,0.000000
2,260,0.094266,0.00019999,0.062805,0.022410,0.028348,0.008718,0.000000
2,261,0.121147,0.00019999,0.080347,0.028720,0.037008,0.009206,0.000000
2,262,0.125799,0.00019999,0.082502,0.028823,0.039329,0.010857,0.000000
2,263,0.103089,0.00019999,0.065309,0.024833,0.034267,0.010299,0.000000
2,264,0.093789,0.00019999,0.061124,0.020835,0.029305,0.012763,0.000000
2,265,0.109892,0.00019999,0.073927,0.026665,0.031549,0.017504,0.000000
2,266,0.079998,0.00019999,0.049043,0.019721,0.027837,0.011455,0.000000
2,267,0.103269,0.00019999,0.071370,0.021895,0.028738,0.009721,0.000000
2,268,0.146748,0.00019999,0.101230,0.024224,0.041868,0.012268,0.000000
2,269,0.099175,0.00019999,0.071708,0.017551,0.024567,0.011454,0.000000
2,270,0.118368,0.00019999,0.082653,0.019916,0.032622,0.011020,0.000000
2,271,0.079420,0.00019999,0.045020,0.024799,0.030739,0.011807,0.000000
2,272,0.135752,0.00019999,0.100208,0.022424,0.032324,0.009771,0.000000
2,273,0.112267,0.00019999,0.078425,0.023458,0.029810,0.016853,0.000000
2,274,0.102984,0.00019999,0.068533,0.021818,0.030342,0.019267,0.000000
2,275,0.104799,0.00019999,0.072922,0.021647,0.028555,0.011576,0.000000
2,276,0.116583,0.00019999,0.077148,0.024432,0.035430,0.015617,0.000000
2,277,0.166974,0.00019999,0.109036,0.030268,0.052252,0.026594,0.000000
2,278,0.130054,0.00019999,0.083308,0.028437,0.040974,0.029286,0.000000
2,279,0.096884,0.00019999,0.057292,0.023335,0.033908,0.033512,0.000000
2,280,0.121457,0.00019999,0.082301,0.031303,0.035189,0.008364,0.000000
2,281,0.089762,0.00019999,0.046372,0.035980,0.038178,0.016130,0.000000
2,282,0.105958,0.00019999,0.067900,0.031600,0.033051,0.018465,0.000000
2,283,0.119507,0.00019999,0.077893,0.026854,0.037104,0.018238,0.000000
2,284,0.122371,0.00019999,0.086425,0.023175,0.032441,0.011875,0.000000
2,285,0.082131,0.00019999,0.044890,0.033508,0.032618,0.012726,0.000000
2,286,0.116583,0.00019999,0.071599,0.036022,0.040111,0.012705,0.000000
2,287,0.144936,0.00019999,0.098429,0.031080,0.042196,0.012032,0.000000
2,288,0.134779,0.00019999,0.098712,0.019296,0.032755,0.013818,0.000000
2,289,0.143823,0.00019999,0.108059,0.037559,0.028586,0.034224,0.000000
2,290,0.135998,0.00019999,0.080114,0.039327,0.048183,0.037685,0.000000
2,291,0.126906,0.00019999,0.064697,0.055947,0.055077,0.015369,0.000000
2,292,0.142695,0.00019999,0.099853,0.020147,0.039579,0.012483,0.000000
2,293,0.121279,0.00019999,0.079321,0.023760,0.036825,0.027569,0.000000
2,294,0.108530,0.00019999,0.066995,0.026991,0.036052,0.027838,0.000000
2,295,0.092314,0.00019999,0.050651,0.035955,0.036418,0.016501,0.000000
2,296,0.145268,0.00019999,0.088690,0.036927,0.051331,0.015542,0.000000
2,297,0.100681,0.00019999,0.060616,0.035467,0.034456,0.020628,0.000000
2,298,0.120589,0.00019999,0.079257,0.027298,0.035837,0.027657,0.000000
2,299,0.111841,0.00019999,0.074909,0.030017,0.032752,0.011783,0.000000
2,300,0.109947,0.00019999,0.076722,0.025479,0.029706,0.009705,0.000000
2,301,0.123264,0.00019999,0.076485,0.022384,0.042776,0.017643,0.000000
2,302,0.071165,0.00019999,0.038601,0.026358,0.028465,0.014636,0.000000
2,303,0.083770,0.00019999,0.055319,0.019168,0.025491,0.010428,0.000000
2,304,0.145834,0.00019999,0.105635,0.032470,0.035181,0.017707,0.000000
2,305,0.124555,0.00019999,0.075528,0.039929,0.042376,0.026580,0.000000
2,306,0.136720,0.00019999,0.081333,0.036972,0.048923,0.027672,0.000000
2,307,0.107187,0.00019999,0.068777,0.029591,0.033566,0.018854,0.000000
2,308,0.143295,0.00019999,0.105137,0.023081,0.034534,0.013158,0.000000
2,309,0.144740,0.00019999,0.098687,0.036816,0.041442,0.009306,0.000000
2,310,0.086840,0.00019999,0.047594,0.029538,0.034283,0.020087,0.000000
2,311,0.167297,0.00019999,0.125898,0.031807,0.036822,0.013973,0.000000
2,312,0.101068,0.00019999,0.066447,0.026865,0.030582,0.013525,0.000000
2,313,0.122624,0.00019999,0.089320,0.019338,0.029685,0.016849,0.000000
2,314,0.096431,0.00019999,0.061009,0.025936,0.030790,0.020389,0.000000
2,315,0.086101,0.00019999,0.057521,0.023268,0.025277,0.009750,0.000000
2,316,0.095315,0.00019999,0.062506,0.024448,0.029815,0.005486,0.000000
2,317,0.099845,0.00019999,0.065422,0.020272,0.031281,0.011143,0.000000
2,318,0.125428,0.00019999,0.082775,0.024234,0.037171,0.030586,0.000000
2,319,0.136928,0.00019999,0.103234,0.021181,0.030627,0.009487,0.000000
2,320,0.105595,0.00019999,0.066931,0.024270,0.034626,0.016117,0.000000
2,321,0.096581,0.00019999,0.067747,0.018852,0.026059,0.008899,0.000000
2,322,0.086447,0.00019999,0.054455,0.016332,0.029604,0.007539,0.000000
2,323,0.118221,0.00019999,0.086024,0.022459,0.028743,0.012077,0.000000
2,324,0.089974,0.00019999,0.056553,0.020851,0.029018,0.023169,0.000000
2,325,0.129711,0.00019999,0.090960,0.022476,0.035758,0.007449,0.000000
2,326,0.091008,0.00019999,0.057777,0.025301,0.030057,0.006436,0.000000
2,327,0.094030,0.00019999,0.055911,0.024351,0.034244,0.014399,0.000000
2,328,0.077567,0.00019999,0.052545,0.016407,0.022954,0.004274,0.000000
2,329,0.102264,0.00019999,0.062524,0.025842,0.036147,0.010078,0.000000
2,330,0.113957,0.00019999,0.069571,0.030361,0.039851,0.014988,0.000000
2,331,0.143285,0.00019999,0.097502,0.024894,0.041015,0.022793,0.000000
2,332,0.083185,0.00019999,0.050170,0.020300,0.029832,0.011530,0.000000
2,333,0.091919,0.00019999,0.064014,0.015759,0.025461,0.008683,0.000000
2,334,0.087459,0.00019999,0.056586,0.036058,0.025668,0.015989,0.000000
2,335,0.088468,0.00019999,0.058424,0.022320,0.026507,0.013044,0.000000
2,336,0.088372,0.00019999,0.055719,0.020739,0.029024,0.015549,0.000000
2,337,0.084495,0.00019999,0.052155,0.018684,0.029560,0.009112,0.000000
2,338,0.083778,0.00019999,0.054163,0.019998,0.026796,0.008190,0.000000
2,339,0.111962,0.00019999,0.073159,0.024931,0.034533,0.017771,0.000000
2,340,0.135971,0.00019999,0.090161,0.024780,0.039115,0.042168,0.000000
2,341,0.090286,0.00019999,0.055416,0.021909,0.030036,0.026432,0.000000
2,342,0.130606,0.00019999,0.087416,0.020337,0.037170,0.039866,0.000000
2,343,0.098886,0.00019999,0.067032,0.022355,0.027953,0.016665,0.000000
2,344,0.109605,0.00019999,0.074978,0.020730,0.031534,0.010202,0.000000
2,345,0.125483,0.00019999,0.093008,0.019573,0.029417,0.011017,0.000000
2,346,0.104812,0.00019999,0.072626,0.025126,0.028477,0.011969,0.000000
2,347,0.117620,0.00019999,0.074115,0.029104,0.038937,0.016574,0.000000
2,348,0.108853,0.00019999,0.076504,0.019741,0.029775,0.006009,0.000000
2,349,0.080542,0.00019999,0.050206,0.024569,0.026874,0.010053,0.000000
2,350,0.102213,0.00019999,0.073023,0.014964,0.026408,0.012851,0.000000
2,351,0.108952,0.00019999,0.071558,0.022102,0.033897,0.012878,0.000000
2,352,0.128327,0.00019999,0.081783,0.030517,0.042305,0.011867,0.000000
2,353,0.103629,0.00019999,0.068211,0.023681,0.032422,0.006274,0.000000
2,354,0.091803,0.00019999,0.059226,0.019026,0.029475,0.011989,0.000000
2,355,0.085715,0.00019999,0.057981,0.030489,0.023392,0.012928,0.000000
2,356,0.128429,0.00019999,0.096095,0.022384,0.028902,0.011932,0.000000
2,357,0.091907,0.00019999,0.057131,0.021782,0.031385,0.012132,0.000000
2,358,0.127122,0.00019999,0.092838,0.018738,0.031264,0.011462,0.000000
2,359,0.105283,0.00019999,0.071703,0.024053,0.030191,0.009838,0.000000
2,360,0.093041,0.00019999,0.063636,0.017145,0.026999,0.006907,0.000000
2,361,0.127943,0.00019999,0.093709,0.018988,0.031744,0.005917,0.000000
2,362,0.116328,0.00019999,0.077972,0.024518,0.034254,0.016502,0.000000
2,363,0.080893,0.00019999,0.049725,0.020614,0.027586,0.015205,0.000000
2,364,0.131317,0.00019999,0.098327,0.022334,0.029649,0.011065,0.000000
2,365,0.117052,0.00019999,0.081178,0.017903,0.032275,0.018088,0.000000
2,366,0.114870,0.00019999,0.074309,0.018802,0.037094,0.015875,0.000000
2,367,0.096491,0.00019999,0.054819,0.029414,0.037568,0.011629,0.000000
2,368,0.108982,0.00019999,0.067237,0.029234,0.036596,0.022261,0.000000
2,369,0.119778,0.00019999,0.078142,0.030140,0.036513,0.021095,0.000000
2,370,0.133316,0.00019999,0.079823,0.025595,0.049223,0.017112,0.000000
2,371,0.101569,0.00019999,0.068392,0.028128,0.029282,0.010822,0.000000
2,372,0.123039,0.00019999,0.079092,0.030785,0.039503,0.013648,0.000000
2,373,0.105883,0.00019999,0.062194,0.031066,0.038665,0.019169,0.000000
2,374,0.107753,0.00019999,0.065470,0.033089,0.037458,0.015159,0.000000
2,375,0.112890,0.00019999,0.074558,0.026081,0.034759,0.009646,0.000000
2,376,0.101460,0.00019999,0.062909,0.023292,0.033984,0.022374,0.000000
2,377,0.115475,0.00019999,0.078060,0.030061,0.031652,0.027572,0.000000
2,378,0.116391,0.00019999,0.066230,0.043206,0.043057,0.027829,0.000000
2,379,0.128869,0.00019999,0.084452,0.036361,0.038042,0.027395,0.000000
2,380,0.100030,0.00019999,0.063382,0.023703,0.032322,0.019555,0.000000
2,381,0.092367,0.00019999,0.060367,0.020304,0.028995,0.009755,0.000000
2,382,0.156037,0.00019999,0.103849,0.035579,0.046760,0.018691,0.000000
2,383,0.147519,0.00019999,0.101046,0.035675,0.041154,0.017517,0.000000
2,384,0.099487,0.00019999,0.058016,0.044503,0.035753,0.012681,0.000000
2,385,0.112026,0.00019999,0.071546,0.025282,0.036993,0.009585,0.000000
2,386,0.156247,0.00019999,0.105558,0.023491,0.044238,0.041020,0.000000
2,387,0.093686,0.00019999,0.063527,0.023153,0.026232,0.016115,0.000000
2,388,0.117498,0.00019999,0.066310,0.028445,0.046831,0.015124,0.000000
2,389,0.101533,0.00019999,0.064892,0.023793,0.032471,0.017902,0.000000
2,390,0.099273,0.00019999,0.058661,0.022982,0.036608,0.017051,0.000000
2,391,0.118852,0.00019999,0.080369,0.018400,0.034884,0.017596,0.000000
2,392,0.114687,0.00019999,0.080721,0.019070,0.030836,0.012225,0.000000
2,393,0.106144,0.00019999,0.076976,0.020028,0.025985,0.011803,0.000000
2,394,0.089593,0.00019999,0.052610,0.026697,0.032866,0.014474,0.000000
2,395,0.084314,0.00019999,0.051034,0.023257,0.030464,0.004908,0.000000
2,396,0.085527,0.00019999,0.052444,0.017346,0.029823,0.015266,0.000000
2,397,0.095552,0.00019999,0.063837,0.018883,0.027749,0.020774,0.000000
2,398,0.085288,0.00019999,0.056797,0.021458,0.024818,0.015267,0.000000
2,399,0.087708,0.00019999,0.059389,0.017882,0.025563,0.009687,0.000000
2,400,0.104187,0.00019999,0.076758,0.014794,0.024574,0.013755,0.000000
3,401,0.100152,0.00019995,0.064314,0.020591,0.031669,0.021102,0.000000
3,402,0.086283,0.00019995,0.053840,0.017800,0.028185,0.024784,0.000000
3,403,0.106832,0.00019995,0.073049,0.021174,0.029709,0.019566,0.000000
3,404,0.119108,0.00019995,0.076237,0.036520,0.038200,0.010190,0.000000
3,405,0.101336,0.00019995,0.063959,0.022257,0.033267,0.018854,0.000000
3,406,0.168610,0.00019995,0.107672,0.024620,0.056006,0.024689,0.000000
3,407,0.110497,0.00019995,0.064490,0.034064,0.041136,0.014651,0.000000
3,408,0.116376,0.00019995,0.076302,0.024291,0.036824,0.008204,0.000000
3,409,0.117495,0.00019995,0.083693,0.020144,0.030980,0.008079,0.000000
3,410,0.143417,0.00019995,0.103818,0.021907,0.036417,0.009910,0.000000
3,411,0.139514,0.00019995,0.099453,0.022416,0.035488,0.023316,0.000000
3,412,0.118866,0.00019995,0.092549,0.020051,0.022868,0.014442,0.000000
3,413,0.099541,0.00019995,0.066434,0.018599,0.030593,0.006546,0.000000
3,414,0.112604,0.00019995,0.086883,0.018408,0.022859,0.010219,0.000000
3,415,0.127966,0.00019995,0.088076,0.022553,0.036672,0.009627,0.000000
3,416,0.107718,0.00019995,0.068770,0.023198,0.035424,0.012048,0.000000
3,417,0.141883,0.00019995,0.101538,0.020169,0.037063,0.012655,0.000000
3,418,0.091159,0.00019995,0.063610,0.017294,0.024961,0.008578,0.000000
3,419,0.088777,0.00019995,0.059991,0.018836,0.026244,0.006577,0.000000
3,420,0.143482,0.00019995,0.114949,0.016954,0.026033,0.008039,0.000000
3,421,0.154937,0.00019995,0.113430,0.018384,0.038878,0.007906,0.000000
3,422,0.100620,0.00019995,0.067631,0.023495,0.029467,0.011724,0.000000
3,423,0.121368,0.00019995,0.076699,0.027130,0.040555,0.014014,0.000000
3,424,0.152311,0.00019995,0.106060,0.022248,0.043051,0.009750,0.000000
3,425,0.083780,0.00019995,0.045890,0.025021,0.034269,0.011187,0.000000
3,426,0.083658,0.00019995,0.049621,0.023088,0.030532,0.011965,0.000000
3,427,0.093239,0.00019995,0.058025,0.021893,0.031377,0.016480,0.000000
3,428,0.091921,0.00019995,0.060385,0.019993,0.028805,0.007317,0.000000
3,429,0.094061,0.00019995,0.064042,0.019661,0.027157,0.008954,0.000000
3,430,0.103160,0.00019995,0.068145,0.018542,0.032241,0.009196,0.000000
3,431,0.078333,0.00019995,0.047417,0.017296,0.027823,0.013629,0.000000
3,432,0.128209,0.00019995,0.086758,0.020275,0.038482,0.009407,0.000000
3,433,0.100495,0.00019995,0.069060,0.034369,0.026852,0.011461,0.000000
3,434,0.090958,0.00019995,0.064396,0.021066,0.023557,0.008984,0.000000
3,435,0.116924,0.00019995,0.087729,0.021438,0.025847,0.012041,0.000000
3,436,0.123406,0.00019995,0.087462,0.021312,0.032292,0.015207,0.000000
3,437,0.108312,0.00019995,0.077779,0.017027,0.027598,0.012327,0.000000
3,438,0.110607,0.00019995,0.074986,0.022377,0.032110,0.012728,0.000000
3,439,0.091107,0.00019995,0.062067,0.025320,0.025455,0.010530,0.000000
3,440,0.084316,0.00019995,0.054359,0.016983,0.027252,0.010066,0.000000
3,441,0.127447,0.00019995,0.092170,0.023469,0.031577,0.013540,0.000000
3,442,0.090444,0.00019995,0.066797,0.028170,0.019867,0.009629,0.000000
3,443,0.101251,0.00019995,0.074476,0.021736,0.023627,0.009747,0.000000
3,444,0.117476,0.00019995,0.079058,0.018657,0.035610,0.009419,0.000000
3,445,0.088855,0.00019995,0.057490,0.021623,0.028762,0.004416,0.000000
3,446,0.117021,0.00019995,0.078910,0.019624,0.035016,0.011321,0.000000
3,447,0.105468,0.00019995,0.070122,0.023493,0.031403,0.015935,0.000000
3,448,0.071571,0.00019995,0.039604,0.019884,0.028381,0.015986,0.000000
3,449,0.100240,0.00019995,0.063184,0.024580,0.033419,0.011792,0.000000
3,450,0.118917,0.00019995,0.083901,0.025755,0.031076,0.013638,0.000000
3,451,0.122085,0.00019995,0.079477,0.033670,0.037133,0.021084,0.000000
3,452,0.108924,0.00019995,0.078332,0.024060,0.026755,0.014310,0.000000
3,453,0.156197,0.00019995,0.119772,0.024635,0.032129,0.018320,0.000000
3,454,0.117039,0.00019995,0.075522,0.023950,0.037167,0.019549,0.000000
3,455,0.113350,0.00019995,0.081586,0.021511,0.028103,0.015100,0.000000
3,456,0.111904,0.00019995,0.074907,0.016856,0.034510,0.008018,0.000000
3,457,0.127603,0.00019995,0.102340,0.014692,0.023161,0.006327,0.000000
3,458,0.112641,0.00019995,0.075363,0.029250,0.033047,0.013060,0.000000
3,459,0.116739,0.00019995,0.074611,0.026857,0.037723,0.017189,0.000000
3,460,0.070547,0.00019995,0.035682,0.032455,0.030120,0.014992,0.000000
3,461,0.101785,0.00019995,0.061753,0.027035,0.034822,0.025069,0.000000
3,462,0.082403,0.00019995,0.051297,0.018178,0.027690,0.015977,0.000000
3,463,0.088061,0.00019995,0.056402,0.016363,0.028005,0.020177,0.000000
3,464,0.122618,0.00019995,0.080524,0.026473,0.038431,0.010151,0.000000
3,465,0.106116,0.00019995,0.064745,0.027082,0.037523,0.011405,0.000000
3,466,0.103196,0.00019995,0.065458,0.021795,0.034465,0.010935,0.000000
3,467,0.071423,0.00019995,0.044826,0.017915,0.024333,0.004721,0.000000
3,468,0.113165,0.00019995,0.077705,0.024294,0.032024,0.010064,0.000000
3,469,0.086112,0.00019995,0.054914,0.022298,0.028050,0.009170,0.000000
3,470,0.099726,0.00019995,0.069378,0.017582,0.027980,0.006100,0.000000
3,471,0.152186,0.00019995,0.122459,0.017059,0.026915,0.011067,0.000000
3,472,0.107596,0.00019995,0.086403,0.018505,0.018796,0.005466,0.000000
3,473,0.101366,0.00019995,0.070345,0.017082,0.027294,0.020183,0.000000
3,474,0.083653,0.00019995,0.055451,0.017875,0.024834,0.015798,0.000000
3,475,0.109216,0.00019995,0.078492,0.016940,0.028259,0.007706,0.000000
3,476,0.127030,0.00019995,0.090771,0.020080,0.033201,0.010510,0.000000
3,477,0.070076,0.00019995,0.044833,0.018157,0.022372,0.010554,0.000000
3,478,0.106197,0.00019995,0.083116,0.013060,0.020550,0.012254,0.000000
3,479,0.094254,0.00019995,0.066108,0.020881,0.025088,0.009693,0.000000
3,480,0.071347,0.00019995,0.046537,0.016461,0.022010,0.011538,0.000000
3,481,0.094062,0.00019995,0.069360,0.014884,0.022268,0.009455,0.000000
3,482,0.089714,0.00019995,0.057979,0.015283,0.029139,0.010672,0.000000
3,483,0.123511,0.00019995,0.092377,0.015772,0.028860,0.006960,0.000000
3,484,0.119866,0.00019995,0.089911,0.014279,0.028059,0.004674,0.000000
3,485,0.090817,0.00019995,0.065724,0.014745,0.022814,0.008052,0.000000
3,486,0.088976,0.00019995,0.065933,0.015179,0.020558,0.009660,0.000000
3,487,0.092230,0.00019995,0.065043,0.015546,0.024919,0.007133,0.000000
3,488,0.087001,0.00019995,0.065067,0.011076,0.020037,0.007888,0.000000
3,489,0.094115,0.00019995,0.064529,0.015529,0.027304,0.007289,0.000000
3,490,0.081475,0.00019995,0.052818,0.013911,0.025876,0.013897,0.000000
3,491,0.083175,0.00019995,0.059222,0.015950,0.021775,0.005830,0.000000
3,492,0.086873,0.00019995,0.053984,0.023757,0.029561,0.009512,0.000000
3,493,0.083456,0.00019995,0.053708,0.015077,0.027047,0.011932,0.000000
3,494,0.082450,0.00019995,0.049184,0.021770,0.029419,0.016698,0.000000
3,495,0.119290,0.00019995,0.084203,0.030816,0.031071,0.009340,0.000000
3,496,0.106212,0.00019995,0.070341,0.026623,0.032063,0.011455,0.000000
3,497,0.089284,0.00019995,0.061798,0.017575,0.025184,0.005443,0.000000
3,498,0.143798,0.00019995,0.106635,0.016691,0.034307,0.011864,0.000000
3,499,0.115104,0.00019995,0.084971,0.018719,0.027152,0.011090,0.000000
3,500,0.093903,0.00019995,0.064196,0.013968,0.027585,0.007250,0.000000
3,501,0.126990,0.00019995,0.100012,0.027748,0.021829,0.023740,0.000000
3,502,0.127608,0.00019995,0.081981,0.034442,0.039357,0.028258,0.000000
3,503,0.118267,0.00019995,0.070959,0.028025,0.042144,0.023625,0.000000
3,504,0.124359,0.00019995,0.091641,0.016586,0.029232,0.018274,0.000000
3,505,0.095657,0.00019995,0.066924,0.021198,0.025983,0.006302,0.000000
3,506,0.122807,0.00019995,0.084648,0.025126,0.034854,0.007916,0.000000
3,507,0.090126,0.00019995,0.057294,0.026020,0.029458,0.007718,0.000000
3,508,0.099902,0.00019995,0.073030,0.018253,0.023778,0.012684,0.000000
3,509,0.111216,0.00019995,0.081283,0.017427,0.027310,0.008801,0.000000
3,510,0.083663,0.00019995,0.057953,0.016877,0.023401,0.006215,0.000000
3,511,0.101180,0.00019995,0.070142,0.016836,0.028620,0.007347,0.000000
3,512,0.095072,0.00019995,0.063006,0.020647,0.029081,0.009201,0.000000
3,513,0.104514,0.00019995,0.074758,0.018217,0.026843,0.010907,0.000000
3,514,0.092912,0.00019995,0.063681,0.020201,0.026190,0.010211,0.000000
3,515,0.107748,0.00019995,0.078616,0.015906,0.026198,0.013432,0.000000
3,516,0.082330,0.00019995,0.057167,0.014727,0.023032,0.006575,0.000000
3,517,0.103766,0.00019995,0.073997,0.016422,0.027314,0.008123,0.000000
3,518,0.107161,0.00019995,0.075855,0.016311,0.028916,0.007597,0.000000
3,519,0.101994,0.00019995,0.071159,0.014806,0.028359,0.009956,0.000000
3,520,0.099747,0.00019995,0.064599,0.022431,0.032190,0.007155,0.000000
3,521,0.100682,0.00019995,0.073776,0.014178,0.024893,0.005948,0.000000
3,522,0.095856,0.00019995,0.065956,0.014759,0.026615,0.018085,0.000000
3,523,0.099958,0.00019995,0.074501,0.013149,0.023232,0.009100,0.000000
3,524,0.086225,0.00019995,0.059922,0.014184,0.023862,0.010236,0.000000
3,525,0.092298,0.00019995,0.066343,0.014674,0.022920,0.015679,0.000000
3,526,0.097205,0.00019995,0.065749,0.015735,0.028679,0.012025,0.000000
3,527,0.093828,0.00019995,0.067257,0.015103,0.024006,0.010541,0.000000
3,528,0.092998,0.00019995,0.066789,0.017314,0.023974,0.005041,0.000000
3,529,0.088594,0.00019995,0.062392,0.019958,0.023037,0.011685,0.000000
3,530,0.107623,0.00019995,0.075996,0.020668,0.029009,0.005517,0.000000
3,531,0.117585,0.00019995,0.082221,0.014922,0.032604,0.012687,0.000000
3,532,0.125959,0.00019995,0.072028,0.022584,0.049422,0.022508,0.000000
3,533,0.088209,0.00019995,0.062231,0.015210,0.022752,0.017041,0.000000
3,534,0.080751,0.00019995,0.050079,0.016987,0.028282,0.006915,0.000000
3,535,0.094908,0.00019995,0.061772,0.021841,0.029926,0.010266,0.000000
3,536,0.086021,0.00019995,0.049917,0.022724,0.032185,0.016470,0.000000
3,537,0.097064,0.00019995,0.065412,0.019424,0.028602,0.011075,0.000000
3,538,0.081179,0.00019995,0.053688,0.013684,0.025217,0.009063,0.000000
3,539,0.124098,0.00019995,0.087751,0.019461,0.033263,0.011381,0.000000
3,540,0.109035,0.00019995,0.076290,0.015543,0.030167,0.010235,0.000000
3,541,0.114841,0.00019995,0.083063,0.020715,0.028684,0.010216,0.000000
3,542,0.105960,0.00019995,0.065202,0.033028,0.036810,0.006452,0.000000
3,543,0.084048,0.00019995,0.059893,0.016858,0.021970,0.004996,0.000000
3,544,0.104996,0.00019995,0.074792,0.018383,0.027543,0.008223,0.000000
3,545,0.114852,0.00019995,0.080311,0.015495,0.032113,0.008784,0.000000
3,546,0.110821,0.00019995,0.078822,0.014598,0.029397,0.011420,0.000000
3,547,0.100130,0.00019995,0.069946,0.020754,0.027225,0.008836,0.000000
3,548,0.096953,0.00019995,0.065821,0.016773,0.027899,0.015562,0.000000
3,549,0.087820,0.00019995,0.055502,0.019185,0.027142,0.032579,0.000000
3,550,0.106376,0.00019995,0.069190,0.020691,0.034354,0.007635,0.000000
3,551,0.096823,0.00019995,0.067318,0.022344,0.026515,0.007550,0.000000
3,552,0.129124,0.00019995,0.084446,0.018678,0.041790,0.010202,0.000000
3,553,0.094821,0.00019995,0.063750,0.014051,0.028997,0.006679,0.000000
3,554,0.101881,0.00019995,0.067663,0.023128,0.031314,0.005913,0.000000
3,555,0.092782,0.00019995,0.061558,0.024331,0.028105,0.006855,0.000000
3,556,0.087199,0.00019995,0.057055,0.020208,0.027564,0.005584,0.000000
3,557,0.103454,0.00019995,0.065401,0.013492,0.035153,0.015508,0.000000
3,558,0.110005,0.00019995,0.073685,0.020466,0.032626,0.016480,0.000000
3,559,0.089567,0.00019995,0.054315,0.027068,0.031352,0.011937,0.000000
3,560,0.117042,0.00019995,0.083912,0.018480,0.029973,0.013086,0.000000
3,561,0.091411,0.00019995,0.058593,0.016173,0.029709,0.014926,0.000000
3,562,0.110482,0.00019995,0.067146,0.022622,0.038768,0.023048,0.000000
3,563,0.095708,0.00019995,0.061532,0.026786,0.028497,0.030010,0.000000
3,564,0.120279,0.00019995,0.074925,0.020890,0.040776,0.024896,0.000000
3,565,0.101908,0.00019995,0.070565,0.023153,0.027808,0.012195,0.000000
3,566,0.080483,0.00019995,0.052631,0.017152,0.025462,0.006752,0.000000
3,567,0.103893,0.00019995,0.069350,0.025252,0.031159,0.008592,0.000000
3,568,0.119130,0.00019995,0.087677,0.026322,0.027303,0.015174,0.000000
3,569,0.086806,0.00019995,0.054938,0.020583,0.028943,0.008667,0.000000
3,570,0.128320,0.00019995,0.101746,0.014949,0.024080,0.009996,0.000000
3,571,0.089916,0.00019995,0.060869,0.017222,0.025726,0.015994,0.000000
3,572,0.130950,0.00019995,0.093159,0.022345,0.033915,0.016418,0.000000
3,573,0.085705,0.00019995,0.051044,0.017407,0.031783,0.011376,0.000000
3,574,0.114733,0.00019995,0.085186,0.013937,0.026759,0.013941,0.000000
3,575,0.074332,0.00019995,0.047055,0.018989,0.024278,0.010996,0.000000
3,576,0.219041,0.00019995,0.185688,0.021246,0.029240,0.019881,0.000000
3,577,0.094829,0.00019995,0.059566,0.021485,0.031437,0.016771,0.000000
3,578,0.103075,0.00019995,0.072971,0.017831,0.026526,0.017951,0.000000
3,579,0.100388,0.00019995,0.074951,0.017006,0.023237,0.004996,0.000000
3,580,0.132823,0.00019995,0.099253,0.021010,0.030641,0.008271,0.000000
3,581,0.118223,0.00019995,0.090141,0.017069,0.025413,0.009618,0.000000
3,582,0.072215,0.00019995,0.045934,0.015249,0.024395,0.003611,0.000000
3,583,0.083269,0.00019995,0.056277,0.017450,0.024585,0.006627,0.000000
3,584,0.085488,0.00019995,0.057358,0.013838,0.026154,0.005926,0.000000
3,585,0.091790,0.00019995,0.066675,0.010310,0.023068,0.010157,0.000000
3,586,0.136560,0.00019995,0.103106,0.019075,0.030312,0.012340,0.000000
3,587,0.080766,0.00019995,0.052551,0.015346,0.025984,0.006974,0.000000
3,588,0.086223,0.00019995,0.065378,0.012711,0.019045,0.005287,0.000000
3,589,0.095468,0.00019995,0.064982,0.018369,0.027281,0.013674,0.000000
3,590,0.101492,0.00019995,0.073730,0.019843,0.024732,0.010454,0.000000
3,591,0.102440,0.00019995,0.069350,0.015309,0.029773,0.017861,0.000000
3,592,0.117056,0.00019995,0.075596,0.018320,0.038169,0.014583,0.000000
3,593,0.082584,0.00019995,0.050034,0.015799,0.030156,0.008135,0.000000
3,594,0.130156,0.00019995,0.100069,0.014014,0.027901,0.007842,0.000000
3,595,0.069458,0.00019995,0.047136,0.012690,0.020498,0.005549,0.000000
3,596,0.075118,0.00019995,0.052778,0.011165,0.020891,0.003331,0.000000
3,597,0.119148,0.00019995,0.095424,0.014107,0.020843,0.014706,0.000000
3,598,0.124293,0.00019995,0.086661,0.015817,0.034365,0.016855,0.000000
3,599,0.072805,0.00019995,0.049238,0.011247,0.021756,0.006868,0.000000
3,600,0.085497,0.00019995,0.060579,0.015857,0.022713,0.006196,0.000000
4,601,0.104442,0.00019989,0.073515,0.019847,0.028175,0.007664,0.000000
4,602,0.108976,0.00019989,0.083380,0.011970,0.023489,0.009109,0.000000
4,603,0.115846,0.00019989,0.085940,0.018430,0.027399,0.006639,0.000000
4,604,0.145161,0.00019989,0.107769,0.027615,0.034159,0.004721,0.000000
4,605,0.106547,0.00019989,0.079542,0.030272,0.023558,0.004192,0.000000
4,606,0.093109,0.00019989,0.066678,0.014961,0.023838,0.010969,0.000000
4,607,0.115696,0.00019989,0.087119,0.018254,0.025377,0.013742,0.000000
4,608,0.097465,0.00019989,0.064447,0.024630,0.029656,0.008986,0.000000
4,609,0.102350,0.00019989,0.070781,0.018269,0.028615,0.011272,0.000000
4,610,0.130888,0.00019989,0.096108,0.015160,0.031644,0.016196,0.000000
4,611,0.100170,0.00019989,0.071377,0.014247,0.026637,0.007306,0.000000
4,612,0.128872,0.00019989,0.077790,0.024861,0.046207,0.023879,0.000000
4,613,0.121243,0.00019989,0.083794,0.018506,0.034548,0.010504,0.000000
4,614,0.167106,0.00019989,0.132617,0.016464,0.030130,0.027121,0.000000
4,615,0.117574,0.00019989,0.086013,0.016139,0.028952,0.009956,0.000000
4,616,0.083790,0.00019989,0.053706,0.017325,0.027614,0.007373,0.000000
4,617,0.081525,0.00019989,0.050600,0.012678,0.028370,0.012873,0.000000
4,618,0.111023,0.00019989,0.077821,0.016791,0.030376,0.011468,0.000000
4,619,0.127164,0.00019989,0.093458,0.020590,0.030706,0.009402,0.000000
4,620,0.086169,0.00019989,0.056110,0.020067,0.026980,0.010734,0.000000
4,621,0.091436,0.00019989,0.060073,0.015516,0.028949,0.008620,0.000000
4,622,0.073557,0.00019989,0.051492,0.011395,0.020417,0.005076,0.000000
4,623,0.124592,0.00019989,0.097833,0.016827,0.024024,0.010520,0.000000
4,624,0.130908,0.00019989,0.083403,0.030672,0.043069,0.013693,0.000000
4,625,0.130441,0.00019989,0.105071,0.016801,0.022512,0.011775,0.000000
4,626,0.084613,0.00019989,0.060320,0.016230,0.022296,0.003736,0.000000
4,627,0.094833,0.00019989,0.065282,0.018047,0.026630,0.011163,0.000000
4,628,0.104030,0.00019989,0.067860,0.021916,0.032680,0.012988,0.000000
4,629,0.103142,0.00019989,0.066033,0.026049,0.032784,0.017194,0.000000
4,630,0.077970,0.00019989,0.053701,0.020246,0.020757,0.014878,0.000000
4,631,0.098289,0.00019989,0.065289,0.019438,0.029186,0.018699,0.000000
4,632,0.104219,0.00019989,0.071822,0.018329,0.028540,0.020238,0.000000
4,633,0.103002,0.00019989,0.074870,0.018633,0.024364,0.019046,0.000000
4,634,0.099855,0.00019989,0.065631,0.019575,0.030311,0.019558,0.000000
4,635,0.083006,0.00019989,0.058602,0.013757,0.021981,0.010477,0.000000
4,636,0.094135,0.00019989,0.059403,0.019621,0.032150,0.006203,0.000000
4,637,0.086052,0.00019989,0.059692,0.015031,0.023975,0.008820,0.000000
4,638,0.102918,0.00019989,0.070248,0.017499,0.029977,0.009434,0.000000
4,639,0.172865,0.00019989,0.134810,0.020038,0.035281,0.007713,0.000000
4,640,0.113803,0.00019989,0.078042,0.018004,0.032702,0.012580,0.000000
4,641,0.105277,0.00019989,0.078059,0.019038,0.024150,0.011652,0.000000
4,642,0.098913,0.00019989,0.069030,0.020583,0.026657,0.011683,0.000000
4,643,0.103951,0.00019989,0.069774,0.021489,0.030410,0.016181,0.000000
4,644,0.117069,0.00019989,0.079404,0.025614,0.033388,0.017159,0.000000
4,645,0.129767,0.00019989,0.086041,0.021396,0.039931,0.016551,0.000000
4,646,0.096386,0.00019989,0.069720,0.014387,0.024552,0.006743,0.000000
4,647,0.083832,0.00019989,0.055441,0.018538,0.025768,0.007695,0.000000
4,648,0.101715,0.00019989,0.070825,0.016442,0.028547,0.006986,0.000000
4,649,0.124040,0.00019989,0.091580,0.023724,0.029185,0.009018,0.000000
4,650,0.126800,0.00019989,0.081631,0.024378,0.041295,0.014364,0.000000
4,651,0.100385,0.00019989,0.064504,0.022845,0.031952,0.016441,0.000000
4,652,0.091480,0.00019989,0.065039,0.013702,0.023636,0.014341,0.000000
4,653,0.130961,0.00019989,0.102154,0.016060,0.025738,0.014631,0.000000
4,654,0.099204,0.00019989,0.062480,0.028236,0.032369,0.015318,0.000000
4,655,0.122990,0.00019989,0.081626,0.027647,0.035727,0.028723,0.000000
4,656,0.103921,0.00019989,0.066135,0.022208,0.032456,0.031086,0.000000
4,657,0.128582,0.00019989,0.094177,0.041918,0.027919,0.022933,0.000000
4,658,0.109330,0.00019989,0.072591,0.023569,0.033061,0.013213,0.000000
4,659,0.117689,0.00019989,0.074932,0.032520,0.037991,0.015139,0.000000
4,660,0.110919,0.00019989,0.080871,0.021124,0.027268,0.006681,0.000000
4,661,0.133979,0.00019989,0.107869,0.013753,0.024023,0.007114,0.000000
4,662,0.148210,0.00019989,0.115601,0.021271,0.029699,0.007820,0.000000
4,663,0.110978,0.00019989,0.068410,0.029389,0.038570,0.010591,0.000000
4,664,0.154195,0.00019989,0.099996,0.030234,0.049783,0.013924,0.000000
4,665,0.149536,0.00019989,0.108582,0.030562,0.036800,0.010979,0.000000
4,666,0.081759,0.00019989,0.053256,0.016857,0.025952,0.008649,0.000000
4,667,0.079657,0.00019989,0.049003,0.015276,0.028013,0.011140,0.000000
4,668,0.127332,0.00019989,0.089614,0.018373,0.035088,0.007931,0.000000
4,669,0.086911,0.00019989,0.061590,0.015287,0.022866,0.009252,0.000000
4,670,0.105027,0.00019989,0.073500,0.019016,0.027935,0.016900,0.000000
4,671,0.082130,0.00019989,0.056744,0.016388,0.021878,0.018696,0.000000
4,672,0.126679,0.00019989,0.095420,0.017370,0.027483,0.020388,0.000000
4,673,0.106846,0.00019989,0.078619,0.019713,0.024866,0.013907,0.000000
4,674,0.126316,0.00019989,0.094918,0.018025,0.028011,0.015847,0.000000
4,675,0.150203,0.00019989,0.114620,0.016897,0.032695,0.011980,0.000000
4,676,0.110618,0.00019989,0.082589,0.015663,0.025094,0.013694,0.000000
4,677,0.109046,0.00019989,0.081578,0.014144,0.025181,0.008730,0.000000
4,678,0.083200,0.00019989,0.056559,0.013588,0.024510,0.007721,0.000000
4,679,0.084016,0.00019989,0.061790,0.012400,0.020323,0.006639,0.000000
4,680,0.098172,0.00019989,0.069855,0.014271,0.026190,0.007001,0.000000
4,681,0.057706,0.00019989,0.036139,0.013183,0.019777,0.004723,0.000000
4,682,0.176833,0.00019989,0.132391,0.020621,0.040979,0.014022,0.000000
4,683,0.087862,0.00019989,0.054370,0.018351,0.031109,0.005476,0.000000
4,684,0.103358,0.00019989,0.070789,0.017903,0.029912,0.008668,0.000000
4,685,0.125589,0.00019989,0.095918,0.017463,0.027246,0.006793,0.000000
4,686,0.107157,0.00019989,0.075612,0.014911,0.029457,0.005967,0.000000
4,687,0.133494,0.00019989,0.096605,0.015966,0.034783,0.005082,0.000000
4,688,0.130769,0.00019989,0.095944,0.022218,0.031952,0.006504,0.000000
4,689,0.112539,0.00019989,0.082421,0.010629,0.027673,0.013814,0.000000
4,690,0.102345,0.00019989,0.075119,0.013539,0.024302,0.015702,0.000000
4,691,0.113420,0.00019989,0.084860,0.014316,0.025823,0.013060,0.000000
4,692,0.084911,0.00019989,0.060165,0.012441,0.022467,0.010347,0.000000
4,693,0.092386,0.00019989,0.067230,0.012945,0.022833,0.010287,0.000000
4,694,0.082885,0.00019989,0.057987,0.012775,0.023287,0.003331,0.000000
4,695,0.094082,0.00019989,0.069719,0.012899,0.022715,0.003577,0.000000
4,696,0.126832,0.00019989,0.094426,0.016191,0.029738,0.010489,0.000000
4,697,0.112731,0.00019989,0.084356,0.012970,0.026562,0.005167,0.000000
4,698,0.087040,0.00019989,0.063076,0.012174,0.022291,0.004559,0.000000
4,699,0.070202,0.00019989,0.044026,0.013127,0.024584,0.002791,0.000000
4,700,0.106284,0.00019989,0.074255,0.014013,0.029827,0.008002,0.000000
4,701,0.105679,0.00019989,0.079763,0.009357,0.024297,0.006831,0.000000
4,702,0.095160,0.00019989,0.070710,0.011500,0.022887,0.004134,0.000000
4,703,0.063047,0.00019989,0.041035,0.012861,0.020036,0.006898,0.000000
4,704,0.096385,0.00019989,0.068707,0.011617,0.025859,0.006560,0.000000
4,705,0.104588,0.00019989,0.079874,0.013947,0.022768,0.005523,0.000000
4,706,0.144288,0.00019989,0.119985,0.017029,0.021966,0.006343,0.000000
4,707,0.091162,0.00019989,0.065984,0.014527,0.022630,0.010950,0.000000
4,708,0.124121,0.00019989,0.094684,0.014660,0.026439,0.015318,0.000000
4,709,0.111355,0.00019989,0.083460,0.010478,0.025439,0.014088,0.000000
4,710,0.071755,0.00019989,0.045290,0.016951,0.023880,0.008904,0.000000
4,711,0.108149,0.00019989,0.080144,0.017771,0.025187,0.010406,0.000000
4,712,0.082837,0.00019989,0.061486,0.012490,0.019001,0.011023,0.000000
4,713,0.082782,0.00019989,0.053447,0.012539,0.026940,0.011419,0.000000
4,714,0.078925,0.00019989,0.051160,0.017839,0.025267,0.007147,0.000000
4,715,0.128027,0.00019989,0.095330,0.015123,0.030656,0.005286,0.000000
4,716,0.085767,0.00019989,0.057930,0.013056,0.025255,0.012760,0.000000
4,717,0.117393,0.00019989,0.084918,0.015593,0.029739,0.011763,0.000000
4,718,0.113698,0.00019989,0.084113,0.015159,0.026979,0.010902,0.000000
4,719,0.113513,0.00019989,0.077902,0.018063,0.033040,0.007653,0.000000
4,720,0.148175,0.00019989,0.114280,0.015191,0.031455,0.009208,0.000000
4,721,0.097872,0.00019989,0.069626,0.016454,0.025920,0.006806,0.000000
4,722,0.107718,0.00019989,0.073441,0.016896,0.031861,0.007258,0.000000
4,723,0.094439,0.00019989,0.065540,0.017697,0.026505,0.006237,0.000000
4,724,0.086546,0.00019989,0.059214,0.017036,0.025263,0.003653,0.000000
4,725,0.082638,0.00019989,0.059380,0.011951,0.021700,0.003629,0.000000
4,726,0.110699,0.00019989,0.084678,0.015824,0.023724,0.007141,0.000000
4,727,0.113393,0.00019989,0.087915,0.018138,0.022687,0.009766,0.000000
4,728,0.149613,0.00019989,0.118458,0.016734,0.028112,0.013684,0.000000
4,729,0.079368,0.00019989,0.054117,0.016199,0.023198,0.004329,0.000000
4,730,0.082891,0.00019989,0.057209,0.012558,0.023859,0.005673,0.000000
4,731,0.132154,0.00019989,0.104623,0.013473,0.025398,0.007859,0.000000
4,732,0.086369,0.00019989,0.060294,0.017868,0.023854,0.004346,0.000000
4,733,0.135073,0.00019989,0.101467,0.016366,0.031124,0.008459,0.000000
4,734,0.084075,0.00019989,0.058255,0.015614,0.023067,0.011917,0.000000
4,735,0.100125,0.00019989,0.073234,0.017393,0.023539,0.016135,0.000000
4,736,0.087768,0.00019989,0.058015,0.016035,0.027191,0.009586,0.000000
4,737,0.107684,0.00019989,0.080581,0.012693,0.025309,0.005251,0.000000
4,738,0.080171,0.00019989,0.058372,0.011042,0.020216,0.004784,0.000000
4,739,0.060072,0.00019989,0.058111,0.011655,0.000000,0.007955,0.000000
4,740,0.078138,0.00019989,0.051022,0.017257,0.024557,0.008326,0.000000
4,741,0.102399,0.00019989,0.074553,0.016536,0.025674,0.005182,0.000000
4,742,0.111232,0.00019989,0.082731,0.018386,0.025443,0.012201,0.000000
4,743,0.088336,0.00019989,0.060651,0.013595,0.024819,0.015067,0.000000
4,744,0.129321,0.00019989,0.097919,0.015259,0.028780,0.010953,0.000000
4,745,0.127198,0.00019989,0.101116,0.016084,0.022898,0.015758,0.000000
4,746,0.074222,0.00019989,0.050458,0.013080,0.021721,0.007342,0.000000
4,747,0.098549,0.00019989,0.069671,0.011969,0.026660,0.010218,0.000000
4,748,0.073718,0.00019989,0.050915,0.013435,0.020159,0.013006,0.000000
4,749,0.102928,0.00019989,0.068478,0.018147,0.031933,0.007015,0.000000
4,750,0.102547,0.00019989,0.073176,0.018942,0.026215,0.012613,0.000000
4,751,0.106280,0.00019989,0.074450,0.013469,0.028996,0.014878,0.000000
4,752,0.094658,0.00019989,0.065467,0.012670,0.026973,0.009508,0.000000
4,753,0.088907,0.00019989,0.060495,0.015342,0.025858,0.010203,0.000000
4,754,0.108077,0.00019989,0.061440,0.034858,0.041747,0.014047,0.000000
4,755,0.110964,0.00019989,0.075659,0.014620,0.032799,0.010434,0.000000
4,756,0.103397,0.00019989,0.070542,0.016020,0.030637,0.006170,0.000000
4,757,0.095729,0.00019989,0.064500,0.020705,0.028179,0.009793,0.000000
4,758,0.098550,0.00019989,0.067554,0.024609,0.027749,0.007866,0.000000
4,759,0.086706,0.00019989,0.056833,0.016715,0.026320,0.018814,0.000000
4,760,0.107012,0.00019989,0.078970,0.015161,0.025243,0.012825,0.000000
4,761,0.102999,0.00019989,0.081588,0.009398,0.019051,0.014199,0.000000
4,762,0.092579,0.00019989,0.064954,0.014200,0.025195,0.010102,0.000000
4,763,0.101923,0.00019989,0.074633,0.019407,0.024323,0.010257,0.000000
4,764,0.109193,0.00019989,0.069719,0.027813,0.035693,0.010002,0.000000
4,765,0.164506,0.00019989,0.137514,0.031640,0.023043,0.007856,0.000000
4,766,0.105790,0.00019989,0.082303,0.022153,0.020379,0.008928,0.000000
4,767,0.116249,0.00019989,0.078495,0.027568,0.033067,0.019303,0.000000
4,768,0.119260,0.00019989,0.090080,0.015149,0.025843,0.018231,0.000000
4,769,0.127309,0.00019989,0.085471,0.015456,0.037845,0.024470,0.000000
4,770,0.088829,0.00019989,0.051948,0.030310,0.032785,0.010642,0.000000
4,771,0.116746,0.00019989,0.067879,0.041044,0.043717,0.010456,0.000000
4,772,0.136935,0.00019989,0.103777,0.023164,0.030014,0.008280,0.000000
4,773,0.130603,0.00019989,0.109459,0.010462,0.018819,0.012785,0.000000
4,774,0.128161,0.00019989,0.093176,0.021337,0.030192,0.026584,0.000000
4,775,0.111597,0.00019989,0.072910,0.026060,0.032932,0.031493,0.000000
4,776,0.117450,0.00019989,0.081087,0.023124,0.031005,0.030460,0.000000
4,777,0.104296,0.00019989,0.072776,0.014287,0.028491,0.015998,0.000000
4,778,0.088388,0.00019989,0.059700,0.018813,0.026163,0.006442,0.000000
4,779,0.123552,0.00019989,0.083471,0.031701,0.034967,0.019430,0.000000
4,780,0.114958,0.00019989,0.074756,0.032378,0.035160,0.018047,0.000000
4,781,0.100707,0.00019989,0.064957,0.023410,0.032438,0.009704,0.000000
4,782,0.074124,0.00019989,0.049300,0.014307,0.022965,0.004282,0.000000
4,783,0.096415,0.00019989,0.066884,0.015921,0.027198,0.007405,0.000000
4,784,0.104721,0.00019989,0.074795,0.016105,0.027001,0.013144,0.000000
4,785,0.076673,0.00019989,0.048922,0.017914,0.024647,0.013118,0.000000
4,786,0.102405,0.00019989,0.068597,0.021369,0.030467,0.012046,0.000000
4,787,0.102457,0.00019989,0.066785,0.025177,0.032185,0.009685,0.000000
4,788,0.092124,0.00019989,0.060477,0.016800,0.029076,0.008913,0.000000
4,789,0.128716,0.00019989,0.094450,0.022183,0.031281,0.007674,0.000000
4,790,0.097047,0.00019989,0.061260,0.013779,0.033391,0.010185,0.000000
4,791,0.099743,0.00019989,0.063914,0.021210,0.032162,0.015452,0.000000
4,792,0.103581,0.00019989,0.070847,0.014806,0.029614,0.016387,0.000000
4,793,0.065026,0.00019989,0.043436,0.012274,0.019573,0.007890,0.000000
4,794,0.099207,0.00019989,0.068023,0.017564,0.027830,0.015967,0.000000
4,795,0.099411,0.00019989,0.069355,0.018903,0.026548,0.016179,0.000000
4,796,0.109305,0.00019989,0.079002,0.018727,0.027466,0.009644,0.000000
4,797,0.088404,0.00019989,0.062612,0.016674,0.023449,0.006758,0.000000
4,798,0.087099,0.00019989,0.058997,0.022869,0.024515,0.012996,0.000000
4,799,0.094372,0.00019989,0.061885,0.018561,0.029157,0.014736,0.000000
4,800,0.149272,0.00019989,0.112418,0.019663,0.033592,0.012961,0.000000
5,801,0.074132,0.00019980,0.045471,0.016125,0.025836,0.012122,0.000000
5,802,0.075744,0.00019980,0.049217,0.022090,0.023421,0.008967,0.000000
5,803,0.113706,0.00019980,0.069861,0.032116,0.039658,0.009747,0.000000
5,804,0.126975,0.00019980,0.085443,0.031117,0.037076,0.013443,0.000000
5,805,0.080350,0.00019980,0.044172,0.026366,0.031667,0.018750,0.000000
5,806,0.123488,0.00019980,0.083970,0.018994,0.035408,0.022108,0.000000
5,807,0.075397,0.00019980,0.046988,0.019838,0.025356,0.010697,0.000000
5,808,0.116536,0.00019980,0.082174,0.023613,0.030768,0.012328,0.000000
5,809,0.144946,0.00019980,0.106101,0.026367,0.034403,0.018049,0.000000
5,810,0.122615,0.00019980,0.085051,0.019321,0.034028,0.016040,0.000000
5,811,0.091872,0.00019980,0.064944,0.013458,0.024478,0.011043,0.000000
5,812,0.090900,0.00019980,0.061961,0.017207,0.026441,0.007764,0.000000
5,813,0.096094,0.00019980,0.070418,0.023998,0.022183,0.010936,0.000000
5,814,0.150504,0.00019980,0.113733,0.027983,0.032534,0.014392,0.000000
5,815,0.096839,0.00019980,0.068347,0.016512,0.026265,0.005762,0.000000
5,816,0.098601,0.00019980,0.071506,0.020372,0.024552,0.005066,0.000000
5,817,0.074883,0.00019980,0.048689,0.016089,0.023668,0.009169,0.000000
5,818,0.100375,0.00019980,0.072675,0.015372,0.025373,0.007893,0.000000
5,819,0.095616,0.00019980,0.065922,0.012709,0.027635,0.007882,0.000000
5,820,0.110565,0.00019980,0.078667,0.014804,0.029951,0.004663,0.000000
5,821,0.101452,0.00019980,0.072986,0.013785,0.026625,0.004620,0.000000
5,822,0.079440,0.00019980,0.051092,0.011997,0.026431,0.007179,0.000000
5,823,0.082972,0.00019980,0.057269,0.010724,0.023745,0.008860,0.000000
5,824,0.071109,0.00019980,0.050257,0.009573,0.019192,0.007026,0.000000
5,825,0.100639,0.00019980,0.077548,0.010773,0.021010,0.010043,0.000000
5,826,0.102828,0.00019980,0.074079,0.012792,0.027005,0.004642,0.000000
5,827,0.098520,0.00019980,0.074231,0.011862,0.022361,0.007421,0.000000
5,828,0.077817,0.00019980,0.049145,0.012304,0.026155,0.012871,0.000000
5,829,0.135004,0.00019980,0.101824,0.021683,0.029478,0.015335,0.000000
5,830,0.092048,0.00019980,0.064236,0.020449,0.024563,0.012045,0.000000
5,831,0.071782,0.00019980,0.051503,0.008915,0.018587,0.008011,0.000000
5,832,0.105423,0.00019980,0.077802,0.012063,0.025725,0.006896,0.000000
5,833,0.074566,0.00019980,0.050006,0.014608,0.022534,0.005652,0.000000
5,834,0.092073,0.00019980,0.063291,0.015266,0.026409,0.008470,0.000000
5,835,0.128799,0.00019980,0.100698,0.015513,0.025601,0.009489,0.000000
5,836,0.113642,0.00019980,0.090312,0.010994,0.021476,0.007546,0.000000
5,837,0.100806,0.00019980,0.073990,0.013853,0.024361,0.010693,0.000000
5,838,0.083647,0.00019980,0.062186,0.011771,0.019359,0.009251,0.000000
5,839,0.081366,0.00019980,0.052896,0.013248,0.025836,0.013087,0.000000
5,840,0.104663,0.00019980,0.074587,0.016753,0.027216,0.011854,0.000000
5,841,0.086764,0.00019980,0.061232,0.012608,0.023060,0.012110,0.000000
5,842,0.122532,0.00019980,0.088992,0.017436,0.031264,0.005326,0.000000
5,843,0.100230,0.00019980,0.067791,0.017303,0.028862,0.018470,0.000000
5,844,0.100322,0.00019980,0.078166,0.014515,0.019622,0.010829,0.000000
5,845,0.086435,0.00019980,0.060313,0.017733,0.023507,0.008423,0.000000
5,846,0.102152,0.00019980,0.070001,0.021334,0.028211,0.018067,0.000000
5,847,0.159935,0.00019980,0.115933,0.029593,0.039400,0.016430,0.000000
5,848,0.098268,0.00019980,0.065904,0.019594,0.029164,0.012405,0.000000
5,849,0.117320,0.00019980,0.081667,0.025804,0.032101,0.009709,0.000000
5,850,0.075535,0.00019980,0.048011,0.021268,0.024666,0.007310,0.000000
5,851,0.081712,0.00019980,0.051240,0.017182,0.028076,0.006778,0.000000
5,852,0.092639,0.00019980,0.058417,0.017006,0.031379,0.011429,0.000000
5,853,0.098963,0.00019980,0.069879,0.022660,0.025460,0.013581,0.000000
5,854,0.140113,0.00019980,0.103265,0.023750,0.033680,0.007937,0.000000
5,855,0.105120,0.00019980,0.078723,0.016075,0.024443,0.003463,0.000000
5,856,0.096901,0.00019980,0.070174,0.013335,0.024152,0.012420,0.000000
5,857,0.128729,0.00019980,0.095919,0.019325,0.028828,0.020493,0.000000
5,858,0.144412,0.00019980,0.108912,0.020087,0.031581,0.019098,0.000000
5,859,0.086735,0.00019980,0.054622,0.019731,0.028381,0.017586,0.000000
5,860,0.132794,0.00019980,0.097740,0.013707,0.032244,0.014392,0.000000
5,861,0.101472,0.00019980,0.073982,0.014986,0.024792,0.011989,0.000000
5,862,0.074979,0.00019980,0.046971,0.018140,0.025013,0.011817,0.000000
5,863,0.073996,0.00019980,0.047623,0.016679,0.023962,0.007424,0.000000
5,864,0.086155,0.00019980,0.060235,0.013411,0.024217,0.003615,0.000000
5,865,0.093588,0.00019980,0.065676,0.014124,0.025813,0.006873,0.000000
5,866,0.092265,0.00019980,0.064399,0.015544,0.024965,0.013468,0.000000
5,867,0.065167,0.00019980,0.041733,0.014935,0.020722,0.012186,0.000000
5,868,0.121412,0.00019980,0.088498,0.012632,0.030653,0.009978,0.000000
5,869,0.077893,0.00019980,0.054058,0.014367,0.021803,0.005953,0.000000
5,870,0.089874,0.00019980,0.065575,0.011921,0.022173,0.009337,0.000000
5,871,0.094067,0.00019980,0.065391,0.014891,0.026421,0.007661,0.000000
5,872,0.080903,0.00019980,0.060090,0.010440,0.019221,0.005479,0.000000
5,873,0.089180,0.00019980,0.061580,0.014007,0.024912,0.012869,0.000000
5,874,0.077992,0.00019980,0.051289,0.013931,0.023988,0.013216,0.000000
5,875,0.132814,0.00019980,0.088330,0.021259,0.040503,0.018556,0.000000
5,876,0.083988,0.00019980,0.057469,0.015236,0.024095,0.009001,0.000000
5,877,0.110173,0.00019980,0.076216,0.014344,0.031455,0.010675,0.000000
5,878,0.088313,0.00019980,0.060668,0.012262,0.025358,0.010604,0.000000
5,879,0.080681,0.00019980,0.059368,0.010715,0.019557,0.006847,0.000000
5,880,0.088414,0.00019980,0.066210,0.010533,0.020297,0.008531,0.000000
5,881,0.084414,0.00019980,0.056302,0.012309,0.026386,0.004949,0.000000
5,882,0.098557,0.00019980,0.073730,0.014187,0.022769,0.006386,0.000000
5,883,0.060969,0.00019980,0.039459,0.017051,0.019169,0.006363,0.000000
5,884,0.121966,0.00019980,0.085041,0.019974,0.034090,0.008380,0.000000
5,885,0.104854,0.00019980,0.069176,0.018021,0.033462,0.004136,0.000000
5,886,0.084821,0.00019980,0.059311,0.014158,0.023647,0.004476,0.000000
5,887,0.125427,0.00019980,0.089908,0.013175,0.033781,0.004204,0.000000
5,888,0.089288,0.00019980,0.063929,0.014487,0.023412,0.004984,0.000000
5,889,0.074805,0.00019980,0.050909,0.013916,0.022028,0.004770,0.000000
5,890,0.098630,0.00019980,0.074597,0.012663,0.021582,0.011841,0.000000
5,891,0.106881,0.00019980,0.075870,0.017848,0.028374,0.008524,0.000000
5,892,0.080954,0.00019980,0.060213,0.013904,0.018152,0.011985,0.000000
5,893,0.081860,0.00019980,0.058893,0.012933,0.020707,0.009672,0.000000
5,894,0.081610,0.00019980,0.061330,0.009391,0.018892,0.004499,0.000000
5,895,0.109180,0.00019980,0.070888,0.014442,0.036112,0.007358,0.000000
5,896,0.083337,0.00019980,0.055070,0.011841,0.026393,0.006899,0.000000
5,897,0.128230,0.00019980,0.093491,0.015552,0.031909,0.012757,0.000000
5,898,0.093893,0.00019980,0.064090,0.012043,0.027886,0.007133,0.000000
5,899,0.162430,0.00019980,0.126461,0.014161,0.032311,0.022428,0.000000
5,900,0.113687,0.00019980,0.087990,0.014527,0.023610,0.006343,0.000000
5,901,0.099454,0.00019980,0.068580,0.013509,0.028668,0.008551,0.000000
5,902,0.094443,0.00019980,0.068368,0.013590,0.023342,0.013739,0.000000
5,903,0.094874,0.00019980,0.068859,0.014840,0.023816,0.007158,0.000000
5,904,0.089956,0.00019980,0.061941,0.017793,0.025070,0.011652,0.000000
5,905,0.092771,0.00019980,0.060908,0.016728,0.029583,0.006076,0.000000
5,906,0.150352,0.00019980,0.110404,0.026890,0.036368,0.008915,0.000000
5,907,0.087631,0.00019980,0.062019,0.013281,0.023414,0.008697,0.000000
5,908,0.125580,0.00019980,0.095905,0.016442,0.027457,0.005735,0.000000
5,909,0.104246,0.00019980,0.069936,0.019427,0.031566,0.008012,0.000000
5,910,0.133323,0.00019980,0.103644,0.017714,0.027034,0.008733,0.000000
5,911,0.095288,0.00019980,0.065193,0.013512,0.027633,0.011108,0.000000
5,912,0.068310,0.00019980,0.043734,0.012405,0.022434,0.009018,0.000000
5,913,0.081793,0.00019980,0.055761,0.013704,0.023912,0.007492,0.000000
5,914,0.126253,0.00019980,0.091640,0.012621,0.032425,0.009252,0.000000
5,915,0.079050,0.00019980,0.053584,0.013332,0.023500,0.006325,0.000000
5,916,0.107106,0.00019980,0.078677,0.011641,0.025570,0.016940,0.000000
5,917,0.085716,0.00019980,0.056489,0.016861,0.025881,0.016597,0.000000
5,918,0.092670,0.00019980,0.066656,0.012427,0.023944,0.008275,0.000000
5,919,0.127007,0.00019980,0.091138,0.015710,0.033336,0.009618,0.000000
5,920,0.075174,0.00019980,0.050031,0.012850,0.023395,0.004632,0.000000
5,921,0.114023,0.00019980,0.081118,0.015586,0.030533,0.008129,0.000000
5,922,0.138144,0.00019980,0.101839,0.024090,0.032996,0.009001,0.000000
5,923,0.082273,0.00019980,0.047382,0.027061,0.030774,0.014106,0.000000
5,924,0.092128,0.00019980,0.061354,0.021219,0.027977,0.006753,0.000000
5,925,0.089173,0.00019980,0.065637,0.013068,0.021424,0.008046,0.000000
5,926,0.082471,0.00019980,0.049956,0.016565,0.029439,0.014188,0.000000
5,927,0.109270,0.00019980,0.064436,0.022265,0.040342,0.022656,0.000000
5,928,0.100150,0.00019980,0.071352,0.017361,0.025935,0.011267,0.000000
5,929,0.094516,0.00019980,0.064193,0.014264,0.027419,0.014774,0.000000
5,930,0.106492,0.00019980,0.075627,0.015274,0.028148,0.011892,0.000000
5,931,0.080076,0.00019980,0.052494,0.014655,0.024723,0.013931,0.000000
5,932,0.107391,0.00019980,0.079361,0.010665,0.025899,0.010643,0.000000
5,933,0.105079,0.00019980,0.074827,0.018494,0.027746,0.006562,0.000000
5,934,0.099567,0.00019980,0.069775,0.019219,0.026937,0.009340,0.000000
5,935,0.109112,0.00019980,0.075205,0.016900,0.031193,0.010247,0.000000
5,936,0.083537,0.00019980,0.061161,0.012943,0.019547,0.015349,0.000000
5,937,0.087219,0.00019980,0.061793,0.011017,0.023749,0.005755,0.000000
5,938,0.099786,0.00019980,0.069652,0.012166,0.028204,0.007129,0.000000
5,939,0.079028,0.00019980,0.053342,0.013418,0.023285,0.010596,0.000000
5,940,0.105701,0.00019980,0.078005,0.013792,0.025442,0.008748,0.000000
5,941,0.083237,0.00019980,0.054714,0.011995,0.026853,0.004701,0.000000
5,942,0.105825,0.00019980,0.081919,0.012742,0.021928,0.007045,0.000000
5,943,0.109619,0.00019980,0.082314,0.011963,0.023990,0.021192,0.000000
5,944,0.116181,0.00019980,0.087245,0.015865,0.026851,0.004990,0.000000
5,945,0.087049,0.00019980,0.062782,0.014218,0.022301,0.005434,0.000000
5,946,0.074065,0.00019980,0.050377,0.016579,0.021038,0.009917,0.000000
5,947,0.106401,0.00019980,0.076929,0.013714,0.027292,0.008080,0.000000
5,948,0.093236,0.00019980,0.068227,0.015496,0.022544,0.009157,0.000000
5,949,0.107355,0.00019980,0.079569,0.015782,0.025079,0.011282,0.000000
5,950,0.114658,0.00019980,0.090251,0.013673,0.022000,0.010404,0.000000
5,951,0.078922,0.00019980,0.057725,0.012006,0.019199,0.007976,0.000000
5,952,0.075316,0.00019980,0.054245,0.010329,0.019147,0.008909,0.000000
5,953,0.081080,0.00019980,0.051335,0.017089,0.027292,0.007442,0.000000
5,954,0.101085,0.00019980,0.078065,0.016110,0.020602,0.008064,0.000000
5,955,0.099925,0.00019980,0.066033,0.010303,0.031622,0.012394,0.000000
5,956,0.093876,0.00019980,0.066391,0.015046,0.024456,0.015240,0.000000
5,957,0.095580,0.00019980,0.071202,0.010522,0.021714,0.016116,0.000000
5,958,0.093837,0.00019980,0.070689,0.012079,0.021317,0.006222,0.000000
5,959,0.100339,0.00019980,0.068639,0.012771,0.030091,0.003316,0.000000
5,960,0.071774,0.00019980,0.048424,0.012966,0.021462,0.005910,0.000000
5,961,0.081360,0.00019980,0.057481,0.011955,0.022333,0.003507,0.000000
5,962,0.121083,0.00019980,0.096083,0.013426,0.023124,0.005331,0.000000
5,963,0.106041,0.00019980,0.074814,0.012700,0.029398,0.005593,0.000000
5,964,0.079380,0.00019980,0.056950,0.009335,0.020740,0.007555,0.000000
5,965,0.089339,0.00019980,0.069746,0.009345,0.018066,0.005927,0.000000
5,966,0.110420,0.00019980,0.082184,0.015295,0.026250,0.004557,0.000000
5,967,0.092494,0.00019980,0.063247,0.013434,0.027361,0.005422,0.000000
5,968,0.057677,0.00019980,0.038467,0.010281,0.017761,0.004205,0.000000
5,969,0.099736,0.00019980,0.072491,0.012738,0.025443,0.005273,0.000000
5,970,0.106555,0.00019980,0.078935,0.012284,0.025155,0.012357,0.000000
5,971,0.089384,0.00019980,0.064827,0.013046,0.022652,0.006000,0.000000
5,972,0.096347,0.00019980,0.067266,0.012309,0.027187,0.006628,0.000000
5,973,0.103263,0.00019980,0.074705,0.016548,0.026235,0.006684,0.000000
5,974,0.117331,0.00019980,0.078774,0.018190,0.035800,0.009371,0.000000
5,975,0.092722,0.00019980,0.062651,0.015189,0.027774,0.007773,0.000000
5,976,0.112105,0.00019980,0.076503,0.018357,0.031999,0.017674,0.000000
5,977,0.106626,0.00019980,0.070217,0.018145,0.033309,0.012848,0.000000
5,978,0.079715,0.00019980,0.055217,0.015701,0.022201,0.007269,0.000000
5,979,0.084464,0.00019980,0.058187,0.012638,0.024178,0.008349,0.000000
5,980,0.087004,0.00019980,0.056720,0.021049,0.027184,0.009959,0.000000
5,981,0.120228,0.00019980,0.090708,0.015879,0.027194,0.007381,0.000000
5,982,0.083996,0.00019980,0.056474,0.011870,0.025719,0.006166,0.000000
5,983,0.094176,0.00019980,0.070167,0.010315,0.022522,0.004557,0.000000
5,984,0.093521,0.00019980,0.064807,0.016240,0.026271,0.008186,0.000000
5,985,0.093771,0.00019980,0.066465,0.015819,0.024754,0.009701,0.000000
5,986,0.090284,0.00019980,0.064612,0.012533,0.023728,0.006913,0.000000
5,987,0.085184,0.00019980,0.060519,0.012213,0.022731,0.007119,0.000000
5,988,0.107135,0.00019980,0.080861,0.013491,0.024400,0.005250,0.000000
5,989,0.094561,0.00019980,0.071724,0.010315,0.021271,0.005348,0.000000
5,990,0.117242,0.00019980,0.089744,0.016358,0.025136,0.007263,0.000000
5,991,0.089471,0.00019980,0.060373,0.016873,0.026066,0.013452,0.000000
5,992,0.075136,0.00019980,0.049044,0.014850,0.023813,0.007942,0.000000
5,993,0.089016,0.00019980,0.062670,0.011506,0.024217,0.009783,0.000000
5,994,0.097807,0.00019980,0.064891,0.021412,0.029901,0.008731,0.000000
5,995,0.080267,0.00019980,0.055161,0.015130,0.022499,0.010941,0.000000
5,996,0.081371,0.00019980,0.058947,0.012390,0.020589,0.005969,0.000000
5,997,0.077125,0.00019980,0.054422,0.015589,0.020610,0.005338,0.000000
5,998,0.126823,0.00019980,0.096169,0.013047,0.028794,0.005553,0.000000
5,999,0.082328,0.00019980,0.052917,0.013694,0.027472,0.005700,0.000000
5,1000,0.080582,0.00019980,0.056078,0.010658,0.022723,0.007149,0.000000
6,1001,0.086074,0.00019969,0.057373,0.011415,0.026737,0.008226,0.000000
6,1002,0.095703,0.00019969,0.064956,0.012964,0.028395,0.010551,0.000000
6,1003,0.110689,0.00019969,0.070080,0.023133,0.037512,0.007841,0.000000
6,1004,0.103233,0.00019969,0.077439,0.012884,0.023682,0.008230,0.000000
6,1005,0.087921,0.00019969,0.062890,0.012937,0.022908,0.008295,0.000000
6,1006,0.105280,0.00019969,0.075214,0.016440,0.027480,0.009423,0.000000
6,1007,0.098853,0.00019969,0.070416,0.014455,0.026230,0.007620,0.000000
6,1008,0.092705,0.00019969,0.062962,0.014883,0.027656,0.005979,0.000000
6,1009,0.096177,0.00019969,0.066882,0.012311,0.027485,0.005786,0.000000
6,1010,0.103900,0.00019969,0.071646,0.014438,0.030254,0.005560,0.000000
6,1011,0.096126,0.00019969,0.063414,0.016819,0.030440,0.005902,0.000000
6,1012,0.126706,0.00019969,0.092764,0.012132,0.031782,0.009474,0.000000
6,1013,0.088872,0.00019969,0.069054,0.011620,0.018163,0.004929,0.000000
6,1014,0.101183,0.00019969,0.075625,0.011523,0.023621,0.007842,0.000000
6,1015,0.086207,0.00019969,0.064831,0.009677,0.019833,0.005753,0.000000
6,1016,0.099899,0.00019969,0.067278,0.019518,0.029860,0.008093,0.000000
6,1017,0.098746,0.00019969,0.072306,0.014209,0.024349,0.006703,0.000000
6,1018,0.077309,0.00019969,0.053683,0.013385,0.021561,0.007264,0.000000
6,1019,0.080638,0.00019969,0.056868,0.015525,0.021656,0.005610,0.000000
6,1020,0.076991,0.00019969,0.054569,0.012301,0.020377,0.008145,0.000000
6,1021,0.121581,0.00019969,0.089171,0.014307,0.029850,0.011292,0.000000
6,1022,0.095186,0.00019969,0.071275,0.013796,0.022047,0.004843,0.000000
6,1023,0.104855,0.00019969,0.079572,0.010823,0.023808,0.003925,0.000000
6,1024,0.117046,0.00019969,0.084238,0.016280,0.030410,0.007696,0.000000
6,1025,0.099367,0.00019969,0.076048,0.012332,0.021743,0.003431,0.000000
6,1026,0.089587,0.00019969,0.065351,0.014264,0.022056,0.007531,0.000000
6,1027,0.099514,0.00019969,0.070705,0.019665,0.025921,0.009204,0.000000
6,1028,0.108660,0.00019969,0.076154,0.017915,0.029686,0.010277,0.000000
6,1029,0.089510,0.00019969,0.063939,0.015697,0.022529,0.014727,0.000000
6,1030,0.111968,0.00019969,0.087496,0.013482,0.022037,0.010863,0.000000
6,1031,0.091200,0.00019969,0.062197,0.013110,0.026962,0.007307,0.000000
6,1032,0.097895,0.00019969,0.068450,0.015148,0.027428,0.005024,0.000000
6,1033,0.084957,0.00019969,0.059297,0.014098,0.023454,0.007960,0.000000
6,1034,0.110395,0.00019969,0.081097,0.016622,0.027123,0.005127,0.000000
6,1035,0.098746,0.00019969,0.073597,0.015042,0.023039,0.006057,0.000000
6,1036,0.062586,0.00019969,0.041050,0.013352,0.019331,0.008694,0.000000
6,1037,0.071438,0.00019969,0.047372,0.012113,0.021568,0.012866,0.000000
